x,y,z
932.9353808999,599.538035542,350.3208067065
932.7547311783,600.9817250063,350.3107455138
932.8706350796,600.1810695484,350.2902875761
932.7824323727,600.1342076303,350.2698580767
932.985,601.69,350.341
932.8992897862,601.8617762788,350.3788170555
932.6371521649,601.8789116978,350.2972066471
932.8257334312,601.0353482258,350.3116064662
932.7494962824,601.3621805552,350.2681002801
932.6965150647,601.3729247694,350.2444194967
932.8308872726,602.8699554998,350.3501134862
933.0523428936,602.4241297147,350.3642725711
932.3149997822,604.6645209858,350.3178736466
932.2425561135,604.5598164584,350.3290966532
932.0325581421,604.4111668322,350.3035495311
933.1468702517,594.6725650844,350.4201718649
933.7627836745,594.3789701895,350.352448661
933.1804526957,594.2499302854,350.3499325069
933.2771450547,594.2694390836,350.3605755657
933.4287688643,594.2211238579,350.3634115886
933.29,594.727,350.332
933.736168591,594.8360332425,350.3324089549
933.8206402225,594.4936843906,350.3215929011
933.8350195636,594.7066472548,350.3059014689
933.7276098249,594.7276649203,350.3393123545
933.6628626776,594.3585058967,350.3428284122
933.1837629639,595.2568567347,350.324801913
933.8987285912,595.714011412,350.2631323599
933.5461422381,595.4817606657,350.2657239751
933.504,599.503,350.308
933.3863594385,599.7314919437,350.3120296324
933.7627004089,599.800597751,350.3089639167
933.751,599.178,350.347
933.088,599.059,350.332
933.8125817023,599.7607900553,350.2773886806
933.9285325024,599.6725235652,350.2156339504
933.6733512625,600.6649850058,350.4083534925
933.4083734103,600.2411229192,350.4218550146
933.3191359776,600.3990834618,350.4062584285
933.3534145503,600.5643738624,350.412459676
933.7853890316,600.7823418966,350.3636184271
933.7094420247,600.7111995885,350.3747756731
933.7517109937,600.8188866958,350.3910504318
933.396,600.875,350.353
933.6857678042,600.4197646692,350.3566308886
933.7076314931,600.3995932864,350.3613770588
933.693,600.514,350.322
933.6004143348,600.6254939246,350.3171668439
933.6207587719,600.9332836492,350.3092377718
933.5075568549,600.9868115866,350.3250649708
933.8180146448,600.5797608486,350.2888965333
933.7204430715,600.5070293046,350.2835665984
933.8141576013,600.7918315433,350.2964913397
933.5645987262,600.8429106211,350.3052834311
933.6793898415,600.1151435361,350.3114104016
933.7270470024,600.4664753543,350.2924004066
933.562,600.684,350.247
933.982,600.494,350.243
933.7964225537,600.9098344324,350.1633598469
933.8260618343,600.6183673094,350.1753607094
933.9463943538,600.0207406027,350.1407759331
933.3766073132,601.5434038645,350.3994554026
933.0792336847,602.0260447399,350.3370954119
933.5649786092,601.8075575831,350.3728617815
933.5825451127,601.6519486083,350.3505437282
933.1606120203,601.6082322608,350.2997858974
933.470624077,601.5998941141,350.2894338472
933.4434817116,601.9112168066,350.2893408845
933.2168430448,601.6495664818,350.3126170177
933.534,601.249,350.343
933.361,601.33,350.371
933.451,601.005,350.309
933.4401146845,601.1792470285,350.3145208503
933.4693248992,601.1937328863,350.3412029866
933.5796713171,601.5001611325,350.3388696782
933.1814693377,601.1220698266,350.2383778462
933.872,601.076,350.203
933.2957856843,601.2186942207,350.243019019
934.0822693854,601.3997330911,350.222189317
933.577,602.087,350.396
933.0100708696,602.8439949865,350.3627608148
933.3244877776,602.8070400743,350.2903667417
933.882,603.623,350.253
933.4134708908,604.6738599763,350.3969586212
933.2946961339,604.9327869383,350.3729759096
933.3335241405,604.4682280873,350.3944972749
933.6362306334,604.3817021672,350.3852837061
933.5324513468,604.4490113267,350.3713383834
933.3297680813,604.1417893541,350.3980426563
933.1713183166,604.4920256603,350.3832340213
933.1103585565,604.5398683268,350.3308075138
933.676025419,604.5484755122,350.3538188556
933.6498045128,604.795498315,350.3586910931
933.5819356337,604.5497753617,350.3684122644
933.7769484874,604.4857107327,350.3608003599
933.5324655822,604.6361929363,350.3544572702
933.419,604.47,350.323
933.3181391645,604.3297576906,350.3374296608
933.6225707207,604.8717849348,350.3039997803
934.0625165341,604.0590546093,350.2820628486
933.7203349183,604.4336293659,350.2820198881
933.6205207673,604.3830894334,350.3274720463
933.8536245336,604.1722785921,350.2924897265
933.7708432214,604.1454473124,350.2850860986
933.9165601429,604.3114436481,350.3242693621
933.8471360746,604.459483749,350.2924831904
933.6478938847,604.4049102815,350.3315122033
933.6588018298,604.5707048323,350.2453730339
933.8056628949,604.6809003858,350.2699681343
933.6986755026,604.4430443846,350.2700266336
934.0052788542,604.4739913829,350.2611193658
934.6224587915,594.8669277353,350.3925260549
934.7115791906,594.4822108489,350.3626880303
934.4788198343,594.112120274,350.4039182242
934.0988901171,594.1639059223,350.357393686
934.2027584678,594.1615023906,350.3773538027
934.2465315859,594.1038646371,350.3906146715
934.763,594.211,350.324
934.655,594.85,350.259
934.5963312691,594.3660065321,350.2711820611
934.5410976005,594.4001475635,350.2414390352
934.6491871506,594.5676087776,350.2392467006
934.7862981572,594.519775409,350.2873647428
934.6773790507,594.3897293513,350.2618635627
934.5612791262,594.3914620654,350.1848758967
934.4546570693,595.5969947048,350.4603501469
934.300080587,595.5431728802,350.4203799704
934.1668198705,595.9771811535,350.4280210498
934.7209639301,595.6452061677,350.3905580505
934.8162271985,595.9190163762,350.4316857464
934.5353931702,595.6226145261,350.3989772315
934.8683956508,595.2000490976,350.4360932754
934.8144193268,595.9839461111,350.3527986007
934.5752830673,595.7053901224,350.3631203473
934.937261127,595.7610497097,350.3676937272
934.369563994,595.1742096843,350.3895095976
934.6850090267,595.3503767041,350.3709022557
934.904,595.14,350.315
934.571,595.213,350.297
934.431,595.288,350.295
934.2972326377,595.4505818753,350.2959924937
934.3015979147,595.5021830526,350.3230568497
934.2518451949,595.1286445044,350.2941932915
934.2494860714,595.5404213195,350.2881004948
934.514173066,595.7696751552,350.2887988734
934.2420341618,595.9214174153,350.2889471262
934.857,595.081,350.233
934.439,595.323,350.272
934.686119525,594.8259670745,350.2456167701
934.8352107585,594.877852488,350.2244991465
934.8012921909,594.8145436473,350.2313554415
934.716,595.566,350.242
934.3344334896,595.330474749,350.2349691617
934.406,599.611,350.327
934.183,599.72,350.299
934.194277431,599.4601488679,350.3136699637
933.9715115877,599.6384789212,350.3054980496
934.110457126,599.6000101962,350.2992068978
934.7383361064,599.3153958855,350.3051418512
934.2587916222,599.3062445651,350.2893158131
934.722,599.764,350.26
934.1008597934,599.6146066218,350.2718984277
934.4454132525,599.7954413824,350.2311801643
934.4075251077,599.2973023715,350.2812028851
934.1582111344,600.0920312935,350.1862468436
934.882,599.421,350.172
934.8683902817,599.3163190438,350.1719595762
934.8521404269,599.2779414443,350.176714159
933.9882374402,602.7299532323,350.2861088787
934.0019810477,602.623559761,350.2840611071
934.498,602.976,350.245
934.513273733,602.9898331748,350.2406820582
934.6420486532,602.1726845486,350.2210488068
934.7874916932,602.9082643905,350.1902153804
934.7487423495,602.0130993425,350.155907699
934.548,602.943,350.168
934.641,602.986,350.172
934.7749541559,603.0210531568,350.1613584026
934.5782579074,602.7120343472,350.1560434196
934.349,603.75,350.295
934.1436319544,603.3773439137,350.2601450841
934.4533096211,603.5355785498,350.2863539566
934.2629279317,603.4117576784,350.2561545173
934.8806116002,605.9616017361,350.2050853478
934.9017634345,605.5778710547,350.2363567568
934.7913662397,605.8433281478,350.2056236087
934.6155558886,605.6455305168,350.2407776365
934.6228454649,605.5107579757,350.2376789613
934.1759452053,605.5039191981,350.3346244625
934.3748462472,605.5668832396,350.3478548734
934.8089642074,605.3961890021,350.2550008163
934.9761643778,605.1665419804,350.2942064192
934.9494875423,605.1396604199,350.2630336556
934.5806281702,605.5803131496,350.2969324507
934.5745940407,605.130473909,350.2530615843
934.7079911004,605.3901767271,350.2330215323
934.612936186,605.4401692092,350.2424176884
934.511740398,605.1709602795,350.2707002558
934.833,606.481,350.13
935.7766822597,602.5361268811,350.162840436
935.7865113907,602.4850026711,350.1517698324
935.5788777968,602.535443756,350.1756925193
935.1134421611,603.5397784387,350.2847362326
934.9888931254,603.690552999,350.2845772833
935.2883972629,603.4957910254,350.0959942418
935.4671061933,603.4079337938,350.1590623962
935.4055645554,603.862650721,350.0525089986
935.558831561,603.5920154572,350.0547235486
935.5096416425,603.5830319465,350.0646976212
935.7303327655,604.0455345974,350.132433404
935.576,603.949,350.096
935.2362903787,604.7603178808,350.2918173631
932.995,599.92,350.308
932.363,600.767,350.272
932.203,601.582,350.3
932.538,601.442,350.275
932.5594189,601.3806518686,350.2984935267
932.218,601.347,350.26
932.346,602.081,350.371
932.166,603.545,350.307
933.571,594.121,350.349
933.7579011584,594.2200558659,350.3569930378
933.358,594.05,350.353
933.507,594.526,350.349
933.135,594.255,350.319
933.1583967445,594.9384605103,350.3359176901
933.946,595.631,350.315
933.946,595.622,350.307
933.1229111308,595.1564001244,350.3476989423
933.5356713135,595.6162114957,350.2706753539
933.8286252916,595.1713582995,350.2886304198
933.7344148736,595.2152480038,350.2850833574
933.6045353453,595.3360255686,350.3001173763
933.1620824774,599.96369394,350.3073063193
933.8589554902,599.4061862545,350.2928029806
933.7047410459,599.7850158773,350.2659278238
933.8737449254,599.5276723878,350.2331911915
933.499,600.44,350.407
933.504,600.947,350.348
933.811,600.287,350.261
933.8651573705,600.1187909308,350.1484326693
933.837,600.985,350.154
933.369,601.936,350.349
933.454,604.709,350.329
933.405,604.571,350.316
933.789,604.431,350.294
933.954,604.433,350.315
933.849226468,604.484446995,350.3355254713
933.709,604.499,350.219
933.322,604.49,350.279
934.7153525938,594.8600555281,350.3711092511
934.5954854384,594.5657855411,350.3921723399
934.317413056,594.1803879631,350.4025201274
934.609,594.42,350.219
934.411,595.508,350.479
934.698,595.485,350.424
934.42,595.368,350.458
934.053,595.791,350.421
934.751,595.141,350.419
934.666,595.154,350.395
934.594,595.549,350.344
934.892,595.954,350.359
934.9755678779,595.7168707504,350.3280719406
934.426604115,595.4056474754,350.3937062068
934.4396897356,595.1232898636,350.395068668
934.4731410817,595.1800826791,350.3005831285
934.9,595.134,350.278
934.125613426,595.6721698833,350.2848677605
934.522,595.01,350.263
934.174355184,599.6985374108,350.199722774
934.09,599.69,350.172
934.921,599.564,350.162
934.0120546612,599.2066050195,350.2314746587
934.92,599.835,350.14
934.742,599.406,350.129
934.096,601.371,350.211
934.563,602.609,350.208
934.775,603.223,350.31
934.703,603.606,350.269
934.5373594161,603.5719957355,350.2508898798
934.4862422435,603.203374706,350.2493027214
934.3734317717,603.4108614221,350.2496250398
934.617696409,604.5871091075,350.3608749811
934.399,605.553,350.332
934.841,605.489,350.117
934.8474823357,605.3194896594,350.2374467715
934.361253804,606.7560062122,350.207266022
934.4398939436,609.8465418657,350.1821528389
935.495,602.67,350.201
935.105,603.539,350.189
935.203405163,603.7042578676,350.1666863009
935.156254718,603.6866441493,350.1203377795
933.4370005406,595.388851662,350.3657286967
934.387,594.487,350.406
934.352,594.973,350.572
934.0839889181,595.068655071,350.3683171998
934.4196710074,604.5144074047,350.3522562557
933.931,602.722,350.337
933.922,602.744,350.305
934.024,594.16,350.396
934.035,605.376,350.392
934.965,606.693,350.217
934.8,610.088,350.166
932.335,595.204,350.393
932.017,595.691,350.385
932.034,595.923,350.376
932.838,595.479,350.345
932.483,595.111,350.42
932.089,595.897,350.365
932.024,595.942,350.406
932.968,595.542,350.351
932.424,595.138,350.425
932.336,595.02,350.373
932.396,595.024,350.376
932.007,595.416,350.36
932.239,595.45,350.4
932.505,595.029,350.427
932.122,595.942,350.364
932.955,595.613,350.355
932.88,595.712,350.311
932.96,595.75,350.343
932.715,595.786,350.31
932.173,595.023,350.362
932.944,595.023,350.417
932.019,595.803,350.386
932.919,595.216,350.42
932.403,595.492,350.355
932.409,595.746,350.305
932.914,595.844,350.357
932.962,595.366,350.379
932.839,595.031,350.393
932.123,595.669,350.351
932.33,595.695,350.32
932.699,595.031,350.401
932.681,595.504,350.321
932.497,595.519,350.314
932.357,595.623,350.306
932.045,595.579,350.354
932.488,595.995,350.299
932.203,595.978,350.361
932.51,595.275,350.338
931.987,595.619,350.358
932.03,595.016,350.395
932.009,595.141,350.441
932.007,595.228,350.43
932.088,595.488,350.342
932.329,595.56,350.347
932.214,595.546,350.34
932.952,595.479,350.355
932.503,595.947,350.287
932.482,595.795,350.289
932.986,595.042,350.377
932.244,595.421,350.342
932.414,595.47,350.346
932.436,595.484,350.322
932.757,595.309,350.355
932.479,595.578,350.309
931.973,595.593,350.318
932.27,595.59,350.356
932.309,595.476,350.37
932.307,595.97,350.343
932.46,595.147,350.364
932.872,595.947,350.372
932.134,595.559,350.344
932.21,595.412,350.374
932.691,595.919,350.321
932.403,595.992,350.318
932.113,595.344,350.402
932.802,595.141,350.365
932.571,595.506,350.316
932.396,595.217,350.358
932.52,595.884,350.285
932.149,595.303,350.39
932.625,595.82,350.302
932.903,595.898,350.328
932.674,595.094,350.35
932.293,595.301,350.394
932.969,595.426,350.354
932.817,595.325,350.373
932.974,595.229,350.36
932.359,595.335,350.321
932.347,595.443,350.349
932.965,595.957,350.398
932.006,595.326,350.366
932.007,595.281,350.407
932.585,595.968,350.286
932.569,595.881,350.306
932.674,595.294,350.351
932.774,595.984,350.331
932.196,595.43,350.374
932.128,595.409,350.337
932.079,595.36,350.348
932.17,596.065,350.363
932.395,596.109,350.338
932.334,596.951,350.241
932.748,596.786,350.386
932.562,596.92,350.29
932.255,596.95,350.261
932.036,596.153,350.379
932.08,596.109,350.37
932.036,596.396,350.331
932.415,596.945,350.245
932.275,596.116,350.347
932.371,596.407,350.291
932.519,596.477,350.243
932.152,596.947,350.293
932.034,596.307,350.338
932.825,596.739,350.379
932.01,596.06,350.401
932.63,596.574,350.256
932.57,596.694,350.314
932.105,596.95,350.31
932.811,596.229,350.322
932.567,596.677,350.26
932.639,596.624,350.264
932.544,596.311,350.308
932.188,596.403,350.299
932.032,596.47,350.35
932.715,596.612,350.311
932.793,596.072,350.325
932.255,596.457,350.301
932.93,596.97,350.306
932.117,596.79,350.267
932.836,596.007,350.366
932.649,596.957,350.283
932.408,596.341,350.283
932.734,596.695,350.342
932.95,596.038,350.377
932.059,596.95,350.312
932.259,596.69,350.24
932.575,596.792,350.303
932.935,596.319,350.322
932.917,596.158,350.34
932.917,595.994,350.385
932.698,596.829,350.383
932.867,596.564,350.322
932.479,596.939,350.259
932.866,596.928,350.298
932.915,596.902,350.307
932.529,596.535,350.228
932.622,596.428,350.321
932.911,596.471,350.319
932.263,596.32,350.298
932.811,596.966,350.299
932.777,596.59,350.318
932.979,596.001,350.402
932.612,596.913,350.282
932.473,596.163,350.339
932.471,596.254,350.291
932.72,596.453,350.327
932.726,596.538,350.303
932.51,596.85,350.271
932.083,596.607,350.314
932.558,596.362,350.33
932.465,596.098,350.327
932.804,596.501,350.316
932.244,596.724,350.231
932.193,596.705,350.245
932.03,596.56,350.344
932.118,596.271,350.34
932.027,596.75,350.294
932.701,596.349,350.313
932.895,596.68,350.358
932.488,596.524,350.23
932.93,596.983,350.301
932.746,596.898,350.269
932.527,597.734,350.334
932.804,597.529,350.34
932.956,597.521,350.359
932.7,597.977,350.303
932.327,597.862,350.394
932.785,597.988,350.286
932.663,596.934,350.271
932.841,597.292,350.298
932.476,596.923,350.255
932.484,597.029,350.249
932.601,596.749,350.323
932.341,597.622,350.325
932.068,597.472,350.361
932.068,597.591,350.388
932.184,597.804,350.394
932.538,596.871,350.285
932.18,597.658,350.37
932.668,597.477,350.288
932.754,597.567,350.306
932.351,597.765,350.334
932.176,597.505,350.343
932.594,597.928,350.333
932.082,597.7,350.409
932.185,597.831,350.4
932.318,596.974,350.26
932.529,597.43,350.309
932.425,597.884,350.356
932.541,596.763,350.292
932.172,597.362,350.328
932.86,597.525,350.366
932.971,597.331,350.3
932.053,597.141,350.35
932.488,596.921,350.246
932.518,597.326,350.345
932.495,597.125,350.274
932.84,597.136,350.289
932.053,597.228,350.357
932.905,597.535,350.37
932.501,597.043,350.24
932.5,596.805,350.235
932.879,598.015,350.266
932.067,597.395,350.356
932.582,597.124,350.29
932.511,597.58,350.313
932.166,597.15,350.329
932.082,597.791,350.402
932.554,598.005,350.332
932.969,597.519,350.323
932.083,597.86,350.409
932.946,597.162,350.282
932.332,597.189,350.308
932.24,597.841,350.409
932.321,597.861,350.396
932.328,597.408,350.311
932.979,597.726,350.313
932.053,596.992,350.346
932.508,597.103,350.267
932.583,597.338,350.295
932.456,597.038,350.253
932.725,597.156,350.284
932.686,597.303,350.307
932.053,597.044,350.35
932.99,598.085,350.264
932.053,597.327,350.356
932.162,596.98,350.315
932.478,597.184,350.275
932.443,596.91,350.246
932.549,597.02,350.289
932.415,597.242,350.305
932.974,597.832,350.311
932.466,597.138,350.269
932.495,597.424,350.31
932.478,597.253,350.306
932.469,597.255,350.305
932.531,597.177,350.3
932.859,598.943,350.32
932.369,598.702,350.376
932.778,598.955,350.332
932.575,598.021,350.378
932.766,599.067,350.304
932.94,598.931,350.326
932.482,598.786,350.343
933,598.158,350.283
932.674,599.021,350.327
932.451,598.687,350.38
932.366,598.6,350.342
933,598.968,350.326
932.085,598.088,350.379
932.417,598.952,350.373
932.431,598.221,350.343
933.002,598.172,350.302
932.991,598.054,350.283
932.064,598.955,350.322
932.772,598.058,350.283
932.993,598.213,350.31
932.146,598.023,350.369
932.226,598.016,350.371
932.553,598.883,350.343
932.132,598.292,350.35
932.835,598.642,350.284
932.083,598.203,350.354
932.465,598.483,350.351
932.655,598.072,350.311
932.404,598.985,350.379
932.506,598.485,350.347
932.915,598.047,350.255
932.436,598.978,350.38
932.579,598.984,350.351
932.604,598.983,350.37
932.27,598.868,350.316
932.549,598.726,350.338
932.851,598.753,350.327
932.422,598.453,350.345
932.484,598.074,350.322
933.013,598.579,350.257
933.013,598.533,350.243
932.3,598.022,350.355
932.734,598.585,350.307
932.419,598.041,350.311
932.389,598.241,350.343
932.084,598.043,350.368
932.961,598.722,350.277
932.34,598.967,350.364
932.632,598.592,350.326
932.999,598.766,350.307
932.997,598.7,350.29
932.714,598.412,350.291
932.367,598.085,350.323
932.096,598.909,350.314
932.501,598.987,350.358
932.258,598.266,350.347
932.947,598.764,350.317
933.001,598.451,350.238
932.134,598.544,350.307
932.594,598.009,350.341
932.629,598.894,350.328
932.653,598.291,350.333
932.559,598.989,350.353
932.176,598.909,350.312
932.248,598.498,350.329
932.368,598.625,350.372
932.846,598.514,350.257
932.254,598.971,350.357
932.638,598.148,350.365
932.806,598.375,350.276
932.841,598.541,350.262
932.407,598.103,350.311
932.522,598.404,350.339
932.673,598.469,350.313
933.013,598.887,350.318
932.697,598.27,350.329
932.06,598.862,350.301
932.059,598.763,350.291
932.812,598.311,350.265
932.273,598.941,350.351
932.652,598.459,350.309
932.068,598.642,350.291
932.084,598.358,350.351
932.977,598.411,350.236
932.226,598.932,350.329
932.939,598.21,350.302
932.617,599.045,350.359
932.612,599.082,350.355
932.987,599.037,350.318
932.609,599.565,350.32
932.063,599.046,350.315
932.14,600.006,350.308
932.699,599.467,350.352
932.676,599.225,350.355
932.926,599.985,350.312
932.931,599.57,350.349
932.558,599.825,350.36
932.807,599.428,350.389
932.513,599.136,350.352
932.757,599.333,350.365
932.105,600.01,350.291
932.39,599.028,350.405
932.575,600.018,350.282
932.076,599.279,350.28
932.433,599.055,350.399
932.078,599.534,350.335
932.575,599.746,350.344
932.415,599.138,350.396
932.76,599.805,350.319
932.491,599.731,350.322
932.51,599.498,350.334
932.623,599.561,350.321
932.583,599.47,350.279
932.816,599.683,350.329
932.636,599.667,350.331
932.092,600.035,350.278
932.615,600.095,350.274
933.005,600.1,350.314
932.599,600.505,350.257
932.894,600.537,350.282
932.878,600.583,350.279
933.015,600.363,350.286
932.313,600.065,350.316
932.318,600.521,350.31
932.785,600.662,350.312
932.097,600.943,350.259
933.021,600.601,350.299
932.105,600.549,350.256
933.006,600.659,350.315
933.045,600.984,350.315
932.554,600.951,350.22
932.57,602.017,350.304
932.681,601.456,350.316
932.092,601.993,350.309
932.996,602.038,350.338
932.753,601.008,350.325
932.641,601.526,350.311
933.045,601.065,350.322
932.084,601.639,350.331
933.026,601.327,350.338
932.461,602.379,350.383
932.429,602.142,350.385
932.744,602.504,350.394
932.956,602.951,350.397
932.523,602.341,350.385
932.687,602.737,350.381
932.504,602.851,350.37
932.591,602.984,350.384
932.093,602.963,350.358
932.114,602.88,350.371
932.336,602.991,350.37
932.968,602.472,350.393
932.996,603.004,350.346
932.052,603.034,350.378
932.931,603.073,350.337
932.264,603.518,350.313
933.001,603.545,350.315
932.556,603.952,350.355
932.398,603.06,350.323
932.05,603.676,350.313
932.082,603.959,350.354
932.972,603.946,350.305
932.065,603.228,350.338
932.813,603.509,350.303
932.043,604.458,350.37
932.506,604.961,350.345
932.521,604.465,350.36
932.377,604.584,350.356
932.384,604.828,350.356
932.038,604.922,350.356
932.021,604.97,350.36
933.239,594.748,350.352
933.179,594.614,350.435
933.183,594.966,350.359
933.593,594.144,350.357
933.437,594.538,350.352
933.563,594.315,350.356
934.003,594.742,350.393
933.477,594.426,350.353
934.015,594.652,350.359
933.918,594.689,350.354
933.732,594.191,350.36
933.735,594.039,350.36
933.642,594.3,350.354
933.065,594.73,350.367
933.035,594.493,350.363
933.188,594.481,350.356
933.367,594.351,350.365
934.003,594.827,350.367
933.041,594.926,350.383
933.62,594.203,350.443
933.884,594.157,350.365
933.936,594.778,350.361
933.033,595.499,350.353
933.408,595.497,350.367
933.329,595.835,350.372
933.922,595.967,350.386
933.041,595.977,350.391
933.478,595.848,350.339
933.896,595.732,350.321
933.077,595.763,350.332
933.533,595.962,350.315
933.683,595.948,350.347
933.976,595.449,350.374
933.916,595.435,350.28
933.161,595.077,350.405
933.751,595.943,350.39
933.948,595.501,350.301
933.226,595.057,350.329
933.866,595.328,350.335
933.513,595.967,350.327
933.653,595.321,350.302
933.431,595.017,350.317
933.032,595.02,350.41
933.33,595.375,350.314
933.224,595.51,350.383
933.151,595.022,350.487
933.565,595.188,350.36
933.957,594.993,350.335
933.735,595.338,350.279
933.708,595.596,350.288
933.244,595.159,350.373
933.814,595.85,350.311
933.557,595.501,350.269
932.943,596.623,350.352
933.435,596.785,350.364
932.954,596.671,350.372
933.365,596.768,350.361
933.466,596.849,350.368
933.44,595.99,350.365
933.334,596.833,350.364
932.968,596.725,350.379
932.934,596.574,350.325
933.419,596.222,350.356
933.309,596.273,350.351
932.978,596.764,350.386
933.228,596.294,350.359
933.049,596.79,350.417
933.443,596.931,350.364
933.821,596.877,350.32
933.232,596.019,350.37
933.399,596.012,350.354
933.853,596.807,350.316
932.968,596.424,350.326
933.883,596.723,350.279
933.586,596.924,350.352
933.471,596.926,350.363
933.91,596.74,350.279
933.165,596.037,350.376
933.931,596.973,350.336
933.434,596.606,350.355
933.091,596.431,350.331
933.147,596.497,350.323
933.697,596.892,350.377
933.631,596.925,350.357
933.669,596.384,350.365
933.35,596.444,350.401
933.467,596.346,350.356
933.258,596.937,350.35
934.02,596.504,350.354
933.172,596.435,350.322
932.996,596.529,350.333
933.669,596.892,350.367
932.919,596.242,350.319
933.151,596.429,350.32
933.962,596.877,350.292
933.786,596.958,350.328
933.804,596.958,350.324
933.997,596.424,350.319
933.282,596.837,350.372
933.594,596.759,350.417
933.691,596.751,350.399
934.002,596.747,350.279
933.28,596.492,350.417
933.976,596.787,350.292
933.816,596.35,350.346
933.452,596.469,350.355
933.887,596.334,350.307
934.026,596.249,350.378
933.779,596.228,350.355
932.972,596.091,350.363
933.061,596.01,350.42
933.985,596.365,350.299
933.025,596.024,350.419
933.706,596.288,350.35
933.923,596.94,350.311
933.196,596.54,350.407
934.068,596.408,350.351
933.515,596.764,350.413
933.362,596.627,350.386
933.854,596.213,350.367
933.93,596.194,350.383
933.434,596.385,350.364
933.755,596.099,350.416
933.915,596.035,350.402
933.793,596.021,350.428
933.386,596.689,350.399
933.414,597.655,350.354
933.955,597.511,350.38
933.408,597.778,350.351
933.219,597.863,350.304
933.211,597.571,350.336
933.174,597.939,350.275
933.888,597.523,350.354
933.583,597.482,350.436
933.523,597.857,350.359
933.562,597.94,350.357
933.859,597.582,350.431
933.458,597.771,350.358
933.97,597.542,350.44
933.132,597.795,350.319
933.701,597.261,350.378
933.037,597.539,350.325
933.835,597.425,350.476
933.059,597.589,350.327
933.778,597.408,350.481
933.696,597.49,350.399
933.593,598.037,350.391
933.564,597.463,350.35
933.969,597.511,350.404
933.482,597.564,350.343
933.326,597.477,350.312
933.072,597.785,350.319
933.383,597.21,350.316
933.118,597.545,350.329
933.246,597.807,350.316
933.34,597.543,350.332
933.708,597.38,350.483
933.397,598.064,350.308
933.964,597.854,350.396
933.571,598.069,350.408
933.97,597.531,350.437
933.393,596.792,350.358
933.498,597.779,350.35
933.778,597.113,350.375
933.694,597.401,350.406
933.822,597.236,350.373
933.792,597.275,350.391
933.654,597.131,350.36
933.453,598.03,350.335
933.578,596.927,350.351
933.834,597.983,350.417
933.171,597.539,350.328
933.412,597.534,350.327
933.517,598.047,350.399
933.28,597.263,350.288
933.043,597.981,350.27
933.644,597.416,350.456
933.69,597.361,350.452
933.643,597.851,350.353
933.201,597.656,350.342
933.659,597.421,350.477
933.892,597.781,350.374
932.998,597.149,350.285
933.881,597.496,350.449
933.484,597.047,350.367
933.188,597.409,350.287
933.831,597.107,350.355
933.692,597.92,350.426
933.226,596.752,350.394
933.945,597.953,350.434
933.888,597.52,350.321
933.275,597.989,350.307
933.954,597.791,350.368
933.487,597.995,350.373
933.373,596.892,350.36
933.05,598.021,350.272
933.315,596.803,350.365
933.317,596.91,350.357
933.942,597.263,350.346
933.602,597.992,350.359
933.718,597.835,350.35
933.67,596.975,350.362
933.889,597.964,350.417
933.628,596.907,350.358
933.294,597.533,350.325
933.174,597.429,350.299
933.041,597.46,350.299
933.687,597.914,350.449
933.932,596.996,350.345
933.863,597.007,350.335
933.635,597.968,350.416
933.267,596.885,350.362
933.805,597.782,350.361
932.965,597.005,350.302
933.185,596.975,350.325
933.017,597.234,350.301
933.198,598.108,350.233
933.676,597.938,350.473
933.728,597.893,350.394
933.934,597.326,350.351
933.645,597.929,350.381
933.576,597.537,350.413
933.429,597.522,350.328
933.534,597.521,350.359
933.264,598.028,350.28
933.066,597.455,350.3
933.464,596.863,350.365
933.773,597.001,350.358
933.945,597.096,350.349
933.609,597.961,350.383
933.567,597.509,350.473
933.042,597.343,350.297
933.223,598.09,350.237
933.702,597.937,350.468
933.825,597.473,350.396
933.636,598.004,350.397
933.948,597.446,350.291
933.743,597.929,350.461
933.802,597.981,350.417
933.181,598.347,350.283
933.293,598.241,350.247
933.963,598.827,350.31
933.935,598.643,350.289
933.169,598.274,350.251
933.961,598.382,350.26
933.676,597.926,350.466
933.895,598.954,350.319
933.022,598.696,350.297
933.61,598.914,350.417
933.317,598.598,350.337
933.052,598.347,350.245
933.938,598.955,350.318
933.403,598.388,350.39
933.384,598.943,350.372
933.285,598.455,350.382
933.822,598.918,350.37
933.892,597.974,350.423
933.035,598.084,350.276
933.032,598.468,350.237
933.397,598.426,350.394
933.233,598.101,350.236
933.06,598.934,350.312
933.28,598.928,350.312
933.995,598.114,350.308
933.504,597.964,350.364
933.47,598.292,350.398
933.06,598.212,350.237
933.225,598.369,350.312
933.063,598.564,350.247
933.276,598.163,350.261
933.692,598.942,350.432
933.679,597.938,350.41
933.072,598.65,350.285
933.204,598.359,350.287
933.539,598.116,350.418
933.173,598.138,350.229
933.341,598.622,350.355
933.168,598.944,350.315
933.728,598.438,350.297
933.447,598.786,350.387
933.046,598.857,350.297
933.052,598.505,350.232
933.03,598.584,350.262
933.83,598.002,350.42
933.68,597.934,350.471
933.531,598.492,350.358
933.533,598.623,350.378
933.518,597.901,350.363
933.556,598.027,350.375
933.823,598.899,350.317
933.036,598.791,350.3
933.747,598.825,350.353
933.216,598.5,350.268
933.406,598.623,350.367
933.572,598.772,350.414
933.636,598.74,350.419
933.265,598.643,350.282
933.485,598.226,350.399
933.745,597.891,350.424
933.366,598.881,350.312
933.427,598.702,350.379
933.609,597.987,350.383
933.575,598.145,350.418
933.763,597.93,350.461
933.735,598.463,350.317
933.8,598.527,350.376
933.65,598.087,350.393
933.739,598.479,350.331
933.767,598.763,350.326
933.598,598.103,350.422
933.467,599.015,350.36
933.628,599.359,350.356
933.005,599.312,350.354
933.183,599.408,350.362
933.867,599.056,350.359
933.915,599.004,350.359
933.188,599.522,350.364
933.596,599.123,350.362
933.442,599.243,350.354
933.315,599.061,350.355
933.766,599.072,350.361
933.728,599.122,350.359
933.138,599.084,350.358
933.514,599.132,350.355
933.718,599.344,350.354
933.118,599.253,350.353
933.33,600.606,350.436
933.469,600.522,350.438
933.412,600.569,350.436
933.272,600.674,350.412
933.529,600.556,350.433
933.519,600.636,350.415
933.336,600.759,350.434
933.402,600.642,350.436
933.373,600.695,350.437
933.277,601.946,350.415
933.245,601.003,350.313
933.109,601.1,350.351
933.253,601.814,350.377
933.059,601.778,350.418
933.231,601.422,350.435
933.094,601.496,350.345
933.043,601.974,350.435
933.496,602.073,350.4
933.504,602.488,350.421
933.024,602.98,350.409
933.036,602.025,350.432
933.102,602.507,350.396
933.985,602.512,350.388
933.466,602.88,350.415
933.968,602.977,350.367
933.388,602.973,350.411
933.57,602.965,350.419
933.98,603.494,350.269
933.981,603.951,350.287
933.496,603.946,350.295
933.989,603.036,350.278
933.044,603.011,350.349
933.492,603.498,350.303
933.08,603.54,350.315
933.463,603.019,350.29
933.014,603.941,350.302
933.379,604.017,350.428
933.155,604.148,350.391
933.402,604.116,350.416
933.173,604.001,350.443
934.748,594.271,350.364
934.559,594.057,350.408
934.56,594.322,350.402
934.363,594.044,350.408
934.231,594.745,350.426
934.24,594.465,350.389
934.514,594.704,350.398
934.076,595.537,350.476
934.825,595.259,350.465
934.795,595.321,350.463
934.918,595.272,350.462
934.229,595.598,350.506
934.081,595.611,350.495
934.122,595.678,350.515
934.721,595.292,350.472
934.01,595.825,350.493
934.724,595.244,350.469
934.236,595.671,350.483
934.033,595.55,350.488
934.143,595.856,350.469
934.077,595.795,350.485
934.921,595.363,350.461
934.219,596.518,350.278
934.42,596.949,350.255
934.26,596.949,350.332
934.282,596.926,350.323
934.178,596.234,350.372
934.171,596.927,350.341
934.092,596.183,350.378
934.108,596.889,350.3
934.384,596.651,350.3
934.113,596.484,350.352
934.201,596.045,350.394
934.015,596.955,350.337
934.031,596.053,350.378
934.221,596.786,350.3
934.063,596.911,350.304
934.44,596.627,350.299
934.362,596.946,350.253
934.364,596.853,350.259
934.431,596.772,350.316
934.332,596.148,350.259
934.317,596.379,350.255
934.297,596.059,350.266
934.447,596.504,350.25
934.35,596.581,350.278
934.112,596.043,350.386
934.432,596.864,350.26
934.205,596.757,350.242
934.076,596.69,350.29
934.063,596.891,350.286
934.471,596.176,350.25
934.168,596.325,350.364
934.458,596.316,350.251
934.02,596.528,350.37
934.131,596.855,350.253
934.354,596.247,350.256
934.286,596.751,350.298
934.02,596.783,350.279
934.464,596.066,350.25
934.359,596.749,350.317
934.415,599.162,350.296
934.227,599.173,350.302
934.511,599.343,350.318
934.217,599.532,350.338
934.52,599.505,350.333
934.238,599.37,350.32
934.932,600.993,350.237
934.94,600.056,350.233
934.966,600.509,350.227
934.08,600.999,350.242
934.557,600.051,350.23
934.125,600.064,350.24
934.521,600.999,350.242
934.505,600.504,350.247
934.068,600.475,350.253
934.906,601.121,350.238
934.549,601.096,350.21
934.462,601.512,350.211
934.151,601.547,350.229
934.104,601.136,350.173
934.919,601.994,350.181
934.441,602.005,350.244
934.894,601.59,350.197
934.09,601.989,350.25
934.084,602.982,350.257
934.023,602.994,350.301
934.026,602.806,350.294
934.19,603.002,350.287
934.44,602.087,350.232
934.146,602.46,350.233
934.036,602.086,350.246
934.285,602.303,350.231
934.427,602.439,350.237
934.958,603.471,350.363
934.877,603.457,350.331
934.94,603.336,350.336
934.952,603.979,350.353
934.794,603.846,350.339
935.119,603.076,350.167
934.857,603.572,350.337
934.598,603.983,350.348
934.993,603.069,350.186
934.946,603.443,350.176
934.583,604.49,350.369
934.59,604.5,350.37
934.623,604.964,350.372
934.962,604.979,350.348
934.959,604.503,350.344
934.962,604.48,350.342
934.793,604.672,350.354
934.298,604.321,350.358
934.586,604.021,350.371
934.961,604.014,350.349
934.529,604.045,350.351
934.783,604.253,350.354
934.042,604.468,350.363
934.052,604.048,350.365
934.55,604.493,350.338
934.293,605.539,350.372
934.061,605.022,350.378
934.354,605.253,350.359
934.041,605.633,350.392
934.08,606.083,350.322
934.958,606.476,350.196
934.937,606.095,350.217
934.498,606.915,350.235
934.533,606.085,350.223
934.097,606.886,350.27
934.497,606.531,350.188
934.949,606.948,350.282
934.119,606.539,350.263
934.919,609.636,350.155
934.278,609.581,350.206
934.521,609.637,350.178
934.924,609.983,350.15
934.168,609.593,350.293
934.51,610.01,350.211
934.141,609.994,350.155
934.512,610.372,350.378
934.929,610.255,350.328
934.069,610.462,350.362
934.829,611.001,350.479
934.43,610.962,350.444
934.121,610.874,350.391
935.341,602.755,350.208
935.813,602.665,350.175
935.077,602.917,350.212
935.837,602.246,350.18
935.553,602.825,350.219
935.078,602.091,350.205
935.136,602.551,350.207
935.441,602.55,350.203
935.467,602.127,350.204
935.761,602.497,350.188
935.074,603.91,350.153
935.098,603.931,350.296
935.025,603.982,350.335
935.166,604.003,350.288
935.464,604.506,350.256
935.479,604.934,350.269
935.053,604.481,350.275
935.075,604.932,350.301
935.425,604.48,350.256
935.029,604.036,350.285
935.044,604.496,350.277
935.429,604.067,350.276
