x,y,z,edm_best,type,geo_takis,spit,length,width,thickness,unit,edm_id,date,class
937.6139259435,674.6071303222,349.5306359458,SF,debris,UA3c,1,NA,NA,NA,937/674,5,2015-05-18,Lithic
937.2180001639,674.3813774861,349.4885909716,SF,debris,UA3c,1,NA,NA,NA,937/674,5,2015-05-18,Lithic
937.7004894718,674.4666297912,349.5043948053,SF,debris,UA3c,1,NA,NA,NA,937/674,5,2015-05-18,Lithic
937.4849760072,674.8759296589,349.4440650353,SF,debris,UA3c,1,NA,NA,NA,937/674,5,2015-05-18,Lithic
937.852,674.463,349.365,LI,tool,UA3c,2,30,15,7,937/674,8,2015-05-27,Lithic
937.9504618646,672.6222373859,349.361362298,SFA,debris,UA3c,2,NA,NA,NA,938/672,4,2016-03-29,Lithic
938.9050771047,674.8170858158,349.873224597,SF,debris,UA3c,1,NA,NA,NA,938/674,14,2015-05-04,Lithic
938.1890419717,674.6456796921,349.649652204,SF,debris,UA3c,3,NA,NA,NA,938/674,19,2015-05-12,Lithic
938.1041935827,674.9599723909,349.6511956654,SF,debris,UA3c,3,NA,NA,NA,938/674,19,2015-05-12,Lithic
938.4405655336,674.2859739163,349.1266339012,SF,debris,UA3c/UA4,NA,NA,NA,NA,938/674,41,2015-06-03,Lithic
938.5996334692,675.1492989106,349.8326882248,SF,debris,UA3c,2,NA,NA,NA,938/675,16,2015-05-04,Lithic
938.7759436368,675.5542876493,349.7605473852,SF,debris,UA3c,2,NA,NA,NA,938/675,16,2015-05-04,Lithic
938.7776748432,675.2331898337,349.6034552933,SF,debris,UA3c,4,NA,NA,NA,938/675,23,2015-05-15,Lithic
939.499256302,673.5733531228,349.5773336622,SF,debris,UA3c,3,NA,NA,NA,939/673,13,2015-05-05,Lithic
939.3723359011,673.0817818533,349.454686255,SF,Indeterminate,UA3c,4,NA,NA,NA,939/673,16,2015-05-12,Lithic
939.9327593644,673.650938559,349.4628533188,SF,debris,UA3c,4,NA,NA,NA,939/673,16,2015-05-12,Lithic
939.9650214394,673.7386434347,349.2729781415,SF,debris,UA3c,7,NA,NA,NA,939/673,24,2015-05-22,Lithic
939.4275403168,675.0989612793,349.6545081215,SF,debris,UA3c,3,NA,NA,NA,939/675,29,2015-05-12,Lithic
939.2348926582,676.0093286236,349.4378716334,SF,debris,UA3c,6,NA,NA,NA,939/675,45,2015-05-20,Lithic
939.6816215955,675.4309947599,349.3793324831,SF,debris,UA3c,6,NA,NA,NA,939/675,45,2015-05-20,Lithic
939.1236836384,675.3743224494,349.3450550282,SF,debris,UA4,1,NA,NA,NA,939/675,53,2015-05-21,Lithic
939.5426925699,676.0840160479,349.3360215286,SF,debris,UA3c,6,NA,NA,NA,939/676,44,2015-05-27,Lithic
939.7187861548,677.6707569295,349.4196637758,SF,debris,UA3c,2,NA,NA,NA,939/677,9,2016-03-31,Lithic
939.0979754238,677.7746382688,349.4100232543,SF,debris,UA3c,2,NA,NA,NA,939/677,9,2016-03-31,Lithic
939.4605095612,677.2853345704,349.361745106,SF,debris,UA3c,3,NA,NA,NA,939/677,20,2016-04-02,Lithic
940.8837133642,673.4150395537,349.3386217312,SF,debris,UA3c,5,NA,NA,NA,940/673,28,2015-05-22,Lithic
940.6129708895,673.8740673858,349.1954429789,SF,debris,UA3c,6,NA,NA,NA,940/673,34,2015-05-26,Lithic
940.6455228815,674.0041208052,349.2281818072,SF,debris,UA3c,6,NA,NA,NA,940/673,34,2015-05-26,Lithic
940.7823010604,673.3867595169,349.2087269056,SF,debris,UA3c,6,NA,NA,NA,940/673,34,2015-05-26,Lithic
940.2653260247,673.3349309003,349.1994162593,SF,debris,UA3c,6,NA,NA,NA,940/673,34,2015-05-26,Lithic
940.1047588951,673.9384912981,349.0766906457,SF,debitage,UA4,1,NA,NA,NA,940/673,42,2015-06-02,Lithic
940.4838217726,674.3119224325,349.7848422687,SF,debris,UA3c,1,NA,NA,NA,940/674,12,2014-10-20,Lithic
940.0369282154,674.7602383696,349.7529547809,SF,debris,UA3c,1,NA,NA,NA,940/674,12,2014-10-20,Lithic
940.5532007786,674.3026611066,349.7759112727,SF,debris,UA3c,1,NA,NA,NA,940/674,12,2014-10-20,Lithic
940.3580808054,674.5761413964,349.7512966857,SF,debris,UA3c,1,NA,NA,NA,940/674,12,2014-10-20,Lithic
940.7372196194,674.9042869384,349.5779493245,SF,debris,UA3c,3,NA,NA,NA,940/674,18,2014-10-21,Lithic
940.0723169377,674.4710255749,349.5052720804,SF,debris,UA3c,4,NA,NA,NA,940/674,21,2014-10-22,Lithic
940.6749391164,674.4650917684,349.5273938354,SF,debris,UA3c,4,NA,NA,NA,940/674,21,2014-10-22,Lithic
940.481542907,674.5219152035,349.3453742856,SF,debris,UA3c,5,NA,NA,NA,940/674,24,2014-10-27,Lithic
940.4624665531,674.4258569733,349.3608285805,SF,debris,UA3c,5,NA,NA,NA,940/674,24,2014-10-27,Lithic
940.5140447312,674.8219115117,349.36116216,SF,debris,UA3c,5,NA,NA,NA,940/674,24,2014-10-27,Lithic
940.9335638937,675.0065345175,349.4122620253,SF,debris,UA3c,5,NA,NA,NA,940/674,24,2014-10-27,Lithic
940.669,675.981,349.327,LI,debris,UA4,1,9,NA,NA,940/675,34,2014-10-31,Lithic
940.6098051079,676.3376497337,349.3598194809,SF,debitage,UA3c,4,NA,NA,NA,940/676,36,2014-10-30,Lithic
940.5335272161,677.295382695,349.5223785995,SF,debris,UA3c,1,NA,NA,NA,940/677,5,2016-03-22,Lithic
940.0798624133,677.8359644997,349.3472058316,SF,debris,UA3c,3,NA,NA,NA,940/677,10,2016-03-26,Lithic
940.838,677.505,349.286,LI,debitage,UA4,1,13,10,4,940/677,17,2016-03-29,Lithic
941.3679480457,672.8726163825,349.5719195745,SF,debris,UA3c,2,NA,NA,NA,941/672,17,2014-10-17,Lithic
941.1248059527,672.997448573,349.5735055459,SF,debris,UA3c,2,NA,NA,NA,941/672,17,2014-10-17,Lithic
941.1340623652,672.4150443947,349.5855015181,SF,debris,UA3c,2,NA,NA,NA,941/672,17,2014-10-17,Lithic
941.552,673.802,349.53,LI,debris,UA3c,1,12,NA,NA,941/673,12,2015-04-28,Lithic
941.8953216619,673.1506872601,349.3997992477,SF,debris,UA3c,2,NA,NA,NA,941/673,23,2015-05-01,Lithic
941.1664819268,674.7808495532,349.5920469827,SF,debris,UA3c,1,NA,NA,NA,941/674,11,2014-10-16,Lithic
941.757210648,674.5569723491,349.4016398557,SF,debris,UA3c,3,NA,NA,NA,941/674,15,2014-10-20,Lithic
941.8093092505,674.403980027,349.3666490998,SF,debris,UA3c,3,NA,NA,NA,941/674,15,2014-10-20,Lithic
941.7042946525,674.4808090973,349.3458425755,SF,debris,UA3c,3,NA,NA,NA,941/674,15,2014-10-20,Lithic
941.7283732473,673.9834527483,349.1358274593,SF,debris,UA4,2,NA,NA,NA,941/674,40,2015-06-01,Lithic
941.299572795,675.9284630045,349.1407564591,SF,debris,UA4,4,NA,NA,NA,941/675,66,2016-03-23,Lithic
941.690896774,676.6699655425,349.6199165718,SF,debris,UA3c,1,NA,NA,NA,941/676,16,2014-10-14,Lithic
941.6037974888,676.3860429337,349.5667050191,SF,debris,UA3c,2,NA,NA,NA,941/676,19,2014-10-15,Lithic
941.400821583,676.6570528099,349.5845397031,SF,debris,UA3c,2,NA,NA,NA,941/676,19,2014-10-15,Lithic
941.518,676.029,349.465,LI,debitage,UA3c,3,17,NA,NA,941/676,22,2014-10-15,Lithic
941.349419838,676.878216515,349.8472667739,SF,debris,UA3b,1,NA,NA,NA,941/677,11,2014-10-07,Lithic
941.2317860052,677.4038423259,349.685821821,SF,debris,UA3c,3,NA,NA,NA,941/677,32,2014-10-14,Lithic
941.0992517295,676.9842662615,349.6033517905,SF,debris,UA3c,3,NA,NA,NA,941/677,32,2014-10-14,Lithic
941.5534947946,677.1799096416,348.7073466426,SF,debris,UA5,1,NA,NA,NA,941/677,71,2016-04-11,Lithic
941.6672953356,672.8119268576,349.5990389227,SF,debris,UA2b+UA3a,6,NA,NA,NA,942/672,13,2014-10-09,Lithic
941.676842454,672.2408693329,349.5557318838,SF,debris,UA2b+UA3a,6,NA,NA,NA,942/672,13,2014-10-09,Lithic
942.3600240014,672.3455634029,349.5506510346,SF,debris,UA3b,2,NA,NA,NA,942/672,15,2014-10-21,Lithic
941.8971217425,672.4230124464,349.5772826092,SF,debris,UA3b,2,NA,NA,NA,942/672,15,2014-10-21,Lithic
941.8657338281,672.5083474978,349.4810148185,SF,debris,UA3c,1,NA,NA,NA,942/672,17,2014-10-21,Lithic
942.0812054062,674.0215400915,349.6569874146,SF,debris,UA2b+UA3a,4,NA,NA,NA,942/674,11,2014-10-07,Lithic
942.6411325446,674.6971385447,349.4803258622,SF,debris,UA3c,2,NA,NA,NA,942/674,24,2014-10-09,Lithic
942.757993437,674.4257892981,349.3015533448,SF,debris,UA3c,2,NA,NA,NA,942/674,37,2014-10-15,Lithic
942.529214462,677.164661438,349.7265468249,Sample FLO,debris,UA3b,1,NA,NA,NA,942/677,30,2014-10-15,Lithic
943.0902380968,677.1390659651,349.5400822821,SF,debris,UA3c,1,NA,NA,NA,942/677,47,2015-05-14,Lithic
942.8319397556,677.0372368695,349.2820155865,SF,debris,UA3c,4,NA,NA,NA,942/677,57,2016-03-30,Lithic
937.9042910865,673.0827815069,349.3106972077,SFB,KN,UA3c,3,NA,NA,NA,937/672,6,2016-03-30,Fauna
937.523,673.811,349.477,KN,KN,UA3c,1,38,23,3,937/673,2,2015-05-21,Fauna
937.173,673.866,349.443,KN,KN,UA3c,2,32,21,2,937/673,6,2015-05-21,Fauna
937.116,673.828,349.382,MF,KN,UA3c,2,24,2,1,937/673,7,2015-05-21,Fauna
937.973,673.778,349.426,KN,KN,UA3c,2,80,45,18,937/673,12,2015-05-22,Fauna
937.4884545008,673.2010715615,349.4162052822,SF,KN,UA3c,2,NA,NA,NA,937/673,13,2015-05-22,Fauna
937.264,673.362,349.332,KN,KN,UA3c,3,18,16,12,937/673,15,2015-05-22,Fauna
937.062,673.823,349.338,MF,MF,UA3c,3,22,10,3,937/673,16,2015-05-22,Fauna
937.376,673.22,349.223,KN,KN,UA4,1,22,18,20,937/673,20,2015-05-26,Fauna
937.642,674.636,349.538,KN,KN,UA3c,1,39,17,8,937/674,2,2015-05-14,Fauna
937.667,674.04,349.454,KN,MF,UA3c,1,20,10,3,937/674,4,2015-05-18,Fauna
937.1547145877,674.9447034503,349.4531947104,SF,KN,UA3c,1,NA,NA,NA,937/674,5,2015-05-18,Fauna
937.505,674.303,349.378,ZN,ZN,UA3c,2,76,23,NA,937/674,7,2015-05-27,Fauna
937.4158559398,674.3234518477,349.4211171958,SF,KN,UA3c,2,NA,NA,NA,937/674,9,2015-05-28,Fauna
937.386,674.131,349.303,KN,KN,UA4,1,103,42,20,937/674,11,2015-05-28,Fauna
937.677,675.637,349.455,ZN,ZN,UA3c,1,NA,NA,NA,937/675,3,2015-05-19,Fauna
936.9496773235,675.4456789887,349.4023900812,SF,MF,UA3c,1,NA,NA,NA,937/675,7,2015-05-21,Fauna
937.8266993003,675.6212785651,349.4304794449,SF,KN,UA3c,1,NA,NA,NA,937/675,7,2015-05-21,Fauna
937.3642359992,675.2774671822,349.34574723,SF,KN,UA4,1,NA,NA,NA,937/675,11,2015-05-25,Fauna
938.2094041281,672.5552095616,349.3757673984,SFA,KN,UA3c,2,NA,NA,NA,938/672,4,2016-03-29,Fauna
938.3630448577,672.3596729619,349.4255712004,SFA,KN,UA3c,2,NA,NA,NA,938/672,4,2016-03-29,Fauna
938.1466479897,672.3104325231,349.3168273341,SFA,KN,UA3c,3,NA,NA,NA,938/672,6,2016-03-30,Fauna
938.4097681813,672.6794294054,349.089743917,SFA,MF,UA4,2,NA,NA,NA,938/672,16,2016-04-01,Fauna
938.009,672.858,349.112,KN,KN,UA4,2,NA,NA,NA,938/672,17,2016-04-01,Fauna
938.3764412934,673.6846575661,349.4507218679,SF,KN,UA3c,2,NA,NA,NA,938/673,4,2015-05-18,Fauna
938.343,673.703,349.387,KN,KN,UA3c,3,45,40,5,938/673,6,2015-05-19,Fauna
938.85069338,673.0940960317,349.4495638136,SF,KN,UA3c,3,NA,NA,NA,938/673,7,2015-05-19,Fauna
938.0732336387,673.4507196359,349.4102125616,SF,ZN,UA3c,3,NA,NA,NA,938/673,7,2015-05-19,Fauna
938.1327345886,673.6981658625,349.3883484327,SF,KN,UA3c,3,NA,NA,NA,938/673,7,2015-05-19,Fauna
938.086102402,673.6860224902,349.2820676833,SF,KN,UA3c,4,NA,NA,NA,938/673,10,2015-05-20,Fauna
938.0145990902,673.8282200426,349.3256239229,SF,MF,UA3c,4,NA,NA,NA,938/673,10,2015-05-20,Fauna
938.8978024854,673.6442942074,349.2978675,SF,KN,UA3c,5,NA,NA,NA,938/673,13,2015-05-21,Fauna
938.471640549,673.4228318598,349.1665852193,SF,KN,UA4,1,NA,NA,NA,938/673,17,2015-05-28,Fauna
938.2980221781,674.0310503825,350.0317560937,SF,ZN,UA2b+UA3a,1,NA,NA,NA,938/674,7,2015-04-30,Fauna
938.1373369184,674.0567362566,349.986569845,SF,KN,UA3b,1,NA,NA,NA,938/674,10,2015-05-01,Fauna
938.731,674.474,349.84,KN,KN,UA3c,1,64,NA,NA,938/674,13,2015-05-04,Fauna
938.5154384841,674.3090582404,349.8921721075,SF,KN,UA3c,1,NA,NA,NA,938/674,14,2015-05-04,Fauna
938.4743313677,674.6041295313,349.7729020955,SF,KN,UA3c,2,NA,NA,NA,938/674,16,2015-05-06,Fauna
938.4515512004,674.1821309652,349.6978549009,SF,KN,UA3c,3,NA,NA,NA,938/674,19,2015-05-12,Fauna
938.665,674.788,349.571,KN,KN,UA3c,4,20,17,1,938/674,20,2015-05-13,Fauna
938.109053417,674.1385264858,349.6647841282,SF,KN,UA3c,4,NA,NA,NA,938/674,21,2015-05-13,Fauna
938.0572939975,674.1312122199,349.6302460635,SF,MF,UA3c,4,NA,NA,NA,938/674,21,2015-05-13,Fauna
938.5879786654,674.8276244962,349.5846470879,SF,KN,UA3c,4,NA,NA,NA,938/674,21,2015-05-13,Fauna
938.8457896219,674.9292675253,349.5864900449,SF,KN,UA3c,5,NA,NA,NA,938/674,23,2015-05-14,Fauna
938.865,674.329,349.439,KN,KN,UA3c,6,60,3,NA,938/674,25,2015-05-14,Fauna
938.568649096,674.4932201646,349.4708934132,SF,KN,UA3c,6,NA,NA,NA,938/674,26,2015-05-18,Fauna
938.6694490152,674.779899282,349.3735928104,SF,KN,UA3c,7,NA,NA,NA,938/674,28,2015-05-26,Fauna
938.168,674.353,349.178,KN,KN,UA4,NA,NA,NA,NA,938/674,40,2015-06-03,Fauna
938.635,675.167,350.157,MF,KN,UA2b+UA3a,1,50,NA,NA,938/675,5,2015-04-29,Fauna
938.761,675.793,349.859,KN,KN,UA3c,1,70,NA,NA,938/675,9,2015-04-30,Fauna
938.898,675.455,349.869,KN,KN,UA3c,2,50,NA,NA,938/675,12,2015-05-01,Fauna
938.326,675.933,349.725,KN,KN,UA3c,2,72,NA,NA,938/675,13,2015-05-01,Fauna
938.73,675.424,349.815,KN,KN,UA3c,2,NA,NA,NA,938/675,15,2015-05-01,Fauna
938.8184333115,675.0425611444,349.8435427009,SF,KN,UA3c,2,NA,NA,NA,938/675,16,2015-05-04,Fauna
938.9120500642,675.4380392895,349.7034830289,SF,MF,UA3c,3,NA,NA,NA,938/675,18,2015-05-05,Fauna
938.76,675.253,349.505,KN,KN,UA3c,5,61,28,18,938/675,21,2015-05-15,Fauna
938.301,675.364,349.505,KN,KN,UA3c,5,40,40,2,938/675,22,2015-05-15,Fauna
938.7796074062,675.0757799988,349.5633969897,SF,KN,UA3c,4,NA,NA,NA,938/675,23,2015-05-15,Fauna
938.642,675.239,349.438,KN,KN,UA3c,5,60,50,5,938/675,26,2015-05-19,Fauna
938.2094849769,675.3443266169,349.4329930689,SF,KN,UA3c,5,NA,NA,NA,938/675,27,2015-05-19,Fauna
938.815,675.973,349.384,MF,MF,UA3c,6,18,NA,NA,938/675,29,2015-05-19,Fauna
938.301,675.571,349.341,KN,KN,UA3c,6,50,40,5,938/675,30,2015-05-20,Fauna
938.1197958913,675.0779801863,349.3653208172,SF,KN,UA3c,6,NA,NA,NA,938/675,31,2015-05-21,Fauna
938.1687212969,675.7061128321,349.4052951242,SF,KN,UA3c,6,NA,NA,NA,938/675,31,2015-05-21,Fauna
938.505,675.458,349.406,KN,KN,UA4,1,NA,NA,NA,938/675,35,2015-05-21,Fauna
938.469,675.721,349.283,KN,KN,UA4,1,40,8,4,938/675,37,2015-05-22,Fauna
938.316,675.87,349.233,KN,KN,UA4,1,70,68,35,938/675,38,2015-05-22,Fauna
938.132,675.255,349.283,KN,KN,UA4,1,68,15,NA,938/675,39,2015-05-22,Fauna
938.787,676.185,350.231,KN,KN,UA2b,1,32,NA,NA,938/676,3,2015-04-28,Fauna
938.5130638157,676.6799133348,349.864473473,SF,KN,UA3c,1,NA,NA,NA,938/676,7,2015-04-30,Fauna
938.339,676.111,349.711,KN,KN,UA3c,2,55,NA,NA,938/676,10,2015-04-30,Fauna
938.721,676.197,349.761,KN,KN,UA3c,2,37,NA,NA,938/676,11,2015-04-30,Fauna
938.3641494439,676.051993771,349.7403443999,SF,ZN,UA3c,2,NA,NA,NA,938/676,12,2015-05-01,Fauna
938.9798415488,676.9769386403,349.639931779,SF,KN,UA3c,3,NA,NA,NA,938/676,14,2015-05-01,Fauna
938.6009085538,676.6095883872,349.6309724278,SF,KN,UA3c,3,NA,NA,NA,938/676,14,2015-05-01,Fauna
938.563,676.193,349.567,KN,KN,UA3c,5,34,22,10,938/676,16,2015-05-11,Fauna
938.54,676.9,349.537,KN,KN,UA3c,5,20,13,70,938/676,17,2015-05-12,Fauna
938.778963568,676.9131912417,349.5791002335,SF,KN,UA3c,5,NA,NA,NA,938/676,18,2015-05-12,Fauna
938.214,676.613,349.427,KN,KN,UA3c,6,80,4,NA,938/676,21,2015-05-29,Fauna
938.1667761403,676.7578667703,349.4553550887,SF,KN,UA3c,6,NA,NA,NA,938/676,22,2015-05-29,Fauna
938.4320880069,676.311169973,349.4366698951,SF,KN,UA3c,7,NA,NA,NA,938/676,24,2016-04-07,Fauna
938.6430657666,676.972599652,349.3362593066,SF,KN,UA4,1,NA,NA,NA,938/676,28,2016-04-11,Fauna
938.393,677.831,349.522,KN,KN,UA3c,1,29,5,NA,938/677,2,2016-04-13,Fauna
938.819105913,677.2744377951,349.5211758064,SF,KN,UA3c,1,NA,NA,NA,938/677,3,2016-04-13,Fauna
938.392,677.968,349.445,KN,KN,UA3c,2,140,15,NA,938/677,7,2016-04-14,Fauna
938.6249204944,677.8643515767,349.3583137574,SF,KN,UA3c,2,NA,NA,NA,938/677,8,2016-04-14,Fauna
939.2858503487,674.082505617,350.084387737,SF,KN,UA2b,1,NA,NA,NA,939/673,3,2015-04-29,Fauna
939.6463166555,673.6733905682,350.1312568271,SF,KN,UA2b,1,NA,NA,NA,939/673,3,2015-04-29,Fauna
939.176,673.736,349.56,ZN,ZN,UA3c,3,25,NA,NA,939/673,12,2015-05-04,Fauna
939.607,673.751,349.41,KN,KN,UA3c,4,35,NA,NA,939/673,15,2015-05-06,Fauna
939.6349192616,673.3545768149,349.3621277115,SF,KN,UA3c,5,NA,NA,NA,939/673,18,2015-05-13,Fauna
939.691,673.913,349.264,KN,KN,UA3c,6,55,35,1,939/673,20,2015-05-14,Fauna
939.7131831766,673.6513434656,349.3091762965,SF,KN,UA3c,6,NA,NA,NA,939/673,21,2015-05-14,Fauna
939.8727704403,673.6099846723,349.2223854117,SF,KN,UA3c,7,NA,NA,NA,939/673,24,2015-05-22,Fauna
939.3052670623,673.3326276561,349.270595153,SF,MF,UA3c,7,NA,NA,NA,939/673,24,2015-05-22,Fauna
939.595,673.479,349.215,KN,KN,UA4,1,45,10,4,939/673,26,2015-05-22,Fauna
939.601,673.601,349.102,KN,KN,UA4,1,120,35,30,939/673,29,2015-05-26,Fauna
939.7168868116,673.1094645612,349.1443203408,SF,KN,UA4,1,NA,NA,NA,939/673,38,2015-05-27,Fauna
939.994,674.925,350.135,KN,KN,UA2a,3,16,NA,NA,939/674,4,2014-10-04,Fauna
939.0072452617,674.0198534247,350.1723770123,SF,,UA2a,4,NA,NA,NA,939/674,8,2014-10-07,Fauna
939.0576062464,674.7856346375,350.0709630383,SF,,UA2b,1,NA,NA,NA,939/674,11,2014-10-09,Fauna
939.7130029449,674.0871035604,349.8542415551,SF,KN,UA3b,2,NA,NA,NA,939/674,20,2014-10-15,Fauna
940.1155733725,674.6343129581,349.8730877221,SF,KN,UA3b,2,NA,NA,NA,939/674,20,2014-10-15,Fauna
939.0622463712,674.3924736071,349.8301244856,SF,KN,UA3c,1,NA,NA,NA,939/674,25,2014-10-17,Fauna
939.1355421328,674.6515266146,349.8021706651,SF,KN,UA3c,1,NA,NA,NA,939/674,25,2014-10-17,Fauna
939.399,674.228,349.504,ZN,ZN,UA3c,3,71,NA,NA,939/674,34,2014-10-30,Fauna
939.828,674.885,349.371,KN,KN,UA3c,3,49,NA,NA,939/674,36,2014-11-01,Fauna
939.357,674.614,349.285,ZN,ZN,UA3c,3,NA,NA,NA,939/674,37,2014-11-01,Fauna
939.336,674.625,349.286,MF,MF,UA3c,3,NA,NA,NA,939/674,38,2014-11-01,Fauna
939.9916365876,674.7969778132,349.4102804674,SF,KN,UA3c,3,NA,NA,NA,939/674,39,2014-11-01,Fauna
939.8375089165,674.1724855258,349.3679336153,SF,KN,UA3c,3,NA,NA,NA,939/674,39,2014-11-01,Fauna
939.2041405119,674.3068727684,349.3560602831,SF,KN,UA3c,3,NA,NA,NA,939/674,39,2014-11-01,Fauna
939.314,674.449,349.31,MF,MF,UA3c/UA4,1,17,NA,NA,939/674,43,2014-11-03,Fauna
939.757,674.052,349.488,KN,KN,UA3c,NA,50,NA,NA,939/674,65,2015-05-05,Fauna
939.059,674.103,349.525,KN,KN,UA3c,NA,27,4,3,939/674,67,2015-05-11,Fauna
939.255228374,674.7220320167,349.3619776773,SFPCW,KN,UA3c,NA,NA,NA,NA,939/674,68,2015-05-12,Fauna
939.533,674.032,349.143,KN,KN,UA4,3,70,42,14,939/674,76,2015-05-29,Fauna
939.5874544541,673.9882384769,349.0979237279,SF,KN,UA4,3,NA,NA,NA,939/674,78,2015-06-02,Fauna
939.944,675.644,350.231,KN,KN,UA2a,2,30,NA,NA,939/675,3,2014-10-03,Fauna
939.802,675.162,350.096,KN,KN,UA2b,2,32,NA,NA,939/675,6,2014-10-06,Fauna
939.08474901,675.829820087,350.1462868199,SF,KN,UA2b,2,NA,NA,NA,939/675,7,2014-10-06,Fauna
939.6351102541,675.7450131765,350.1135666815,SF,KN,UA2b+UA3a,1,NA,NA,NA,939/675,9,2014-10-08,Fauna
939.8745168359,675.5899231918,349.8842342814,SF,KN,UA3b,1,NA,NA,NA,939/675,13,2014-10-09,Fauna
939.305,675.967,349.819,KN,KN,UA3c,1,44,NA,NA,939/675,15,2014-10-10,Fauna
939.9520176554,675.2701019052,349.7854278994,SF,KN,UA3c,1,NA,NA,NA,939/675,19,2014-10-14,Fauna
939.101,675.839,349.788,KN,KN,UA3c,2,29,NA,NA,939/675,23,2014-10-14,Fauna
939.621,675.137,349.702,MF,MF,UA3c,2,10,NA,NA,939/675,25,2014-10-15,Fauna
939.1868747673,675.7310732935,349.7792009605,SF,KN,UA3c,2,NA,NA,NA,939/675,26,2014-10-16,Fauna
940.0132834584,675.6493310379,349.6025951133,SF,KN,UA3c,3,NA,NA,NA,939/675,29,2015-05-12,Fauna
939.162,675.968,349.598,KN,KN,UA3c,4,28,3,3,939/675,31,2015-05-12,Fauna
939.1088555871,675.3945740887,349.5245639378,SF,KN,UA3c,4,NA,NA,NA,939/675,32,2015-05-13,Fauna
939.137,675.649,349.497,MF,MF,UA3c,5,20,NA,NA,939/675,34,2015-05-13,Fauna
939.375,675.138,349.398,KN,KN,UA3c,5,NA,NA,NA,939/675,35,2015-05-14,Fauna
939.375,675.138,349.398,KN,ZN,UA3c,5,NA,NA,NA,939/675,35,2015-05-14,Fauna
939.83,675.201,349.401,MF,MF,UA3c,5,20,2,1,939/675,36,2015-05-14,Fauna
939.3396304957,675.0225569406,349.4726904003,SF,MF,UA3c,5,NA,NA,NA,939/675,37,2015-05-14,Fauna
939.5782620036,675.5827741319,349.433663601,SF,KN,UA3c,5,NA,NA,NA,939/675,37,2015-05-14,Fauna
939.9018707834,675.1000236243,349.4878355847,SF,KN,UA3c,5,NA,NA,NA,939/675,37,2015-05-14,Fauna
939.259,675.305,349.404,MF,MF,UA3c,6,25,15,3,939/675,39,2015-05-18,Fauna
939.022,675.141,349.5,KN,KN,UA3c,6,60,5,NA,939/675,40,2015-05-19,Fauna
939.6035954721,675.8128734409,349.4272949442,SF,KN,UA3c,6,NA,NA,NA,939/675,45,2015-05-20,Fauna
940.0647944668,675.7079959429,349.3771394585,SF,KN,UA3c,6,NA,NA,NA,939/675,45,2015-05-20,Fauna
939.494,675.744,349.336,KN,KN,UA4,1,20,NA,NA,939/675,47,2015-05-20,Fauna
939.312,675.483,349.329,KN,KN,UA4,1,92,40,35,939/675,51,2015-05-21,Fauna
939.795,675.755,349.313,KN,KN,UA4,1,60,7,NA,939/675,52,2015-05-21,Fauna
939.8415531798,675.0419546318,349.3592023436,SF,MF,UA4,1,NA,NA,NA,939/675,53,2015-05-21,Fauna
939.2238009719,676.8501889894,350.289701029,SF,KN,UA2b,1,NA,NA,NA,939/676,4,2014-10-04,Fauna
939.9254894907,676.183254113,350.271312338,SF,KN,UA2b,1,NA,NA,NA,939/676,4,2014-10-04,Fauna
939.817,676.77,350.167,ZN,ZN,UA2b,2,25,NA,NA,939/676,6,2014-10-06,Fauna
939.4546855982,676.4073300294,350.2002462284,SF,KN,UA2b,2,NA,NA,NA,939/676,7,2014-10-06,Fauna
939.366,676.163,350.056,ZN,ZN,UA2b+UA3a,1,12,NA,NA,939/676,9,2014-10-08,Fauna
939.165858127,676.8947619708,350.1056333612,SF,KN,UA2b+UA3a,1,NA,NA,NA,939/676,10,2014-10-08,Fauna
939.2426090298,676.7198489785,349.9119896271,SF,MF,UA2b+UA3a,3,NA,NA,NA,939/676,14,2014-10-10,Fauna
939.6981196621,676.4293595469,349.7085992855,SF,MF,UA3c,1,NA,NA,NA,939/676,20,2014-10-16,Fauna
939.7488980465,676.2337255103,349.5980738435,SF,KN,UA3c,3,NA,NA,NA,939/676,33,2015-05-04,Fauna
939.311,676.29,349.484,KN,KN,UA3c,4,55,NA,NA,939/676,35,2015-05-05,Fauna
939.8301655903,676.9329801095,349.5436765626,SF,KN,UA3c,4,NA,NA,NA,939/676,36,2015-05-05,Fauna
939.308,676.015,349.417,KN,KN,UA3c,6,46,40,14,939/676,38,2015-05-19,Fauna
939.7964987004,676.3435848366,349.4980174082,SF,KN,UA3c,5,NA,NA,NA,939/676,39,2015-05-26,Fauna
939.466,676.21,349.369,KN,KN,UA3c,6,40,NA,NA,939/676,41,2015-05-26,Fauna
939.3917153369,676.8745830194,349.3262391439,SF,KN,UA3c,6,NA,NA,NA,939/676,44,2015-05-27,Fauna
939.3252336917,676.7538764786,349.3948323789,SF,KN,UA3c,6,NA,NA,NA,939/676,44,2015-05-27,Fauna
939.3304428729,676.3654039155,349.3339208786,SF,MF,UA3c,6,NA,NA,NA,939/676,44,2015-05-27,Fauna
939.658,676.432,349.306,KN,KN,UA4,1,21,NA,NA,939/676,46,2015-05-28,Fauna
939.108,676.661,349.31,KN,KN,UA4,1,29,NA,NA,939/676,48,2015-05-29,Fauna
939.078,676.046,349.253,KN,KN,UA4,1,25,NA,NA,939/676,51,2015-05-29,Fauna
940.0120159546,676.8726367229,349.3312435551,SF,KN,UA4,1,NA,NA,NA,939/676,52,2015-05-29,Fauna
939.7403764266,676.0879907,349.3222353632,SF,KN,UA4,1,NA,NA,NA,939/676,52,2015-05-29,Fauna
939.92,677.597,349.495,KN,KN,UA3c,1,50,20,10,939/677,2,2016-03-30,Fauna
939.706,677.69,349.492,KN,KN,UA3c,1,35,20,NA,939/677,3,2016-03-30,Fauna
939.3497665006,677.9463199917,349.509163173,SF,KN,UA3c,1,NA,NA,NA,939/677,5,2016-03-30,Fauna
939.3811638762,677.3219331214,349.4698025744,SF,KN,UA3c,2,NA,NA,NA,939/677,9,2016-03-31,Fauna
939.62,677.184,349.352,MF,MF,UA3c,3,5,NA,NA,939/677,13,2016-04-01,Fauna
939.324,677.955,349.336,KN,KN,UA3c,3,16,8,5,939/677,16,2016-04-02,Fauna
939.8633923351,677.0403145397,349.4052386926,SF,KN,UA3c,3,NA,NA,NA,939/677,20,2016-04-02,Fauna
939.481,677.319,349.296,KN,KN,UA4,1,NA,NA,NA,939/677,22,2016-04-02,Fauna
939.749,677.322,349.273,KN,KN,UA4,1,55,NA,NA,939/677,23,2016-04-02,Fauna
939.64,677.019,349.202,KN,KN,UA4,1,90,20,NA,939/677,24,2016-04-04,Fauna
939.6241203221,677.030479598,349.2289243613,SF,KN,UA4,1,NA,NA,NA,939/677,25,2016-04-06,Fauna
940.391412247,673.0325259905,349.9950634916,SF,KN,UA2b,1,NA,NA,NA,940/672,5,2013-11-07,Fauna
940.989,673.365,349.723,KN,KN,UA3b,1,22,NA,NA,940/673,10,2015-04-30,Fauna
940.4285292893,673.9796420171,349.7740620264,SF,KN,UA3b,1,NA,NA,NA,940/673,11,2015-05-05,Fauna
940.05,673.593,349.62,KN,KN,UA3c,2,60,40,NA,940/673,17,2015-05-12,Fauna
940.86680616,673.4332527974,349.6001509498,SF,MF,UA3c,2,NA,NA,NA,940/673,18,2015-05-12,Fauna
940.8411089487,673.7458665722,349.6649526247,SF,KN,UA3c,2,NA,NA,NA,940/673,18,2015-05-12,Fauna
940.556,673.038,349.535,MF,MF,UA3c,3,NA,NA,NA,940/673,20,2015-05-14,Fauna
940.254,673.194,349.406,KN,KN,UA3c,4,35,NA,NA,940/673,23,2015-05-19,Fauna
940.1441637388,673.4288848515,349.4126762424,SF,KN,UA3c,4,NA,NA,NA,940/673,24,2015-05-19,Fauna
940.174,673.055,349.393,KN,KN,UA3c,5,27,10,4,940/673,27,2015-05-20,Fauna
940.8089598162,673.1041181708,349.3684522878,SF,MF,UA3c,5,NA,NA,NA,940/673,28,2015-05-22,Fauna
940.593,673.64,349.144,KN,KN,UA3c,6,55,40,10,940/673,33,2015-05-26,Fauna
940.9101797356,673.6230597318,349.1633347848,SF,KN,UA3c,6,NA,NA,NA,940/673,34,2015-05-26,Fauna
940.2952883025,673.2760907084,349.2352041483,SF,MF,UA3c,6,NA,NA,NA,940/673,34,2015-05-26,Fauna
940.995,673.938,349.192,ZN,ZN,UA4,1,20,19,14,940/673,37,2015-05-29,Fauna
940.464,674.678,349.721,KN,KN,UA3c,1,NA,NA,NA,940/674,11,2014-10-17,Fauna
940.3636427592,674.3875943307,349.7422725127,SF,KN,UA3c,1,NA,NA,NA,940/674,12,2014-10-20,Fauna
940.71001171,674.4152961323,349.6650560162,SF,KN,UA3c,2,NA,NA,NA,940/674,16,2014-10-21,Fauna
940.5281521923,674.7864613059,349.6565408105,SF,KN,UA3c,3,NA,NA,NA,940/674,18,2014-10-21,Fauna
940.4271185784,674.5221776156,349.4765354689,SF,KN,UA3c,4,NA,NA,NA,940/674,21,2014-10-22,Fauna
940.1388944901,674.4300399604,349.5387413558,SF,MF,UA3c,4,NA,NA,NA,940/674,21,2014-10-22,Fauna
940.8835719481,674.450007939,349.5365447776,SF,KN,UA3c,4,NA,NA,NA,940/674,21,2014-10-22,Fauna
940.139,674.86,349.392,KN,KN,UA3c,5,72,NA,NA,940/674,23,2014-10-23,Fauna
940.7772089665,674.9965672822,349.3566097797,SF,KN,UA3c,5,NA,NA,NA,940/674,24,2014-10-27,Fauna
940.9010537532,674.2481158253,349.4225739866,SF,KN,UA3c,5,NA,NA,NA,940/674,24,2014-10-27,Fauna
941.0374866008,674.7752627572,349.3112466781,SF,MF,UA4,1,NA,NA,NA,940/674,32,2014-11-01,Fauna
940.3593043062,674.5177527717,349.3107293474,SF,KN,UA4,1,NA,NA,NA,940/674,32,2014-11-01,Fauna
940.465,674.096,349.366,KN,KN,UA3c,NA,30,NA,NA,940/674,45,2015-05-20,Fauna
940.911,674.024,349.33,KN,KN,UA3c,NA,50,NA,NA,940/674,46,2015-05-21,Fauna
940.7806351604,675.3478442393,349.9449930634,SF,KN,UA2b+UA3a,1,NA,NA,NA,940/675,7,2013-11-07,Fauna
940.902,675.538,349.77,KN,KN,UA2b+UA3a,2,NA,NA,NA,940/675,9,2013-11-07,Fauna
940.9062499813,675.1002762687,349.7164151081,SF,KN,UA3c,1,NA,NA,NA,940/675,13,2014-10-17,Fauna
940.6885205903,675.7888004464,349.6646502224,SF,KN,UA3c,2,NA,NA,NA,940/675,16,2014-10-20,Fauna
940.818474295,675.1939356606,349.5610690752,SF,KN,UA3c,3,NA,NA,NA,940/675,18,2014-10-21,Fauna
940.9416297969,675.9713300245,349.426953431,SF,MF,UA3c,4,NA,NA,NA,940/675,20,2014-10-22,Fauna
940.9896142992,675.4153354184,349.4175202589,SF,KN,UA3c,4,NA,NA,NA,940/675,20,2014-10-22,Fauna
940.4176101219,675.171317101,349.3847254008,SF,KN,UA3c,5,NA,NA,NA,940/675,23,2014-10-23,Fauna
940.108,675.107,349.346,KN,KN,UA3c,6,30,NA,NA,940/675,28,2014-10-30,Fauna
940.782,675.94,349.328,MF,MF,UA4,1,NA,NA,NA,940/675,35,2014-10-31,Fauna
940.3343530725,675.5453150368,349.389800618,SF,MF,UA4,1,NA,NA,NA,940/675,38,2014-11-01,Fauna
940.749,676.311,350.24,KN,KN,UA2b,1,35,NA,NA,940/676,3,2013-10-30,Fauna
940.5886213925,676.2389582983,350.1907369544,SF,KN,UA2b,1,NA,NA,NA,940/676,4,2013-10-30,Fauna
941.0845961281,676.264950659,350.2531028731,SF,KN,UA2b,1,NA,NA,NA,940/676,4,2013-10-30,Fauna
940.4017507278,676.4441004405,350.1918391856,SF,KN,UA2b+UA3a,1,NA,NA,NA,940/676,6,2013-11-05,Fauna
940.3827405989,676.0532281143,350.2120789038,SF,KN,UA2b+UA3a,1,NA,NA,NA,940/676,6,2013-11-05,Fauna
940.0183321055,676.8391181712,349.9933948971,SF,KN,UA2b+UA3a,1,NA,NA,NA,940/676,9,2013-11-07,Fauna
940.283741686,676.4794349053,349.7228706883,SF,KN,UA2b+UA3a,2,NA,NA,NA,940/676,12,2013-11-07,Fauna
940.4461085295,676.71959991,349.6912325254,SF,KN,UA3c,1,NA,NA,NA,940/676,24,2014-10-21,Fauna
940.2677454559,675.9274926995,349.658303669,SF,MF,UA3c,1,NA,NA,NA,940/676,24,2014-10-21,Fauna
940.6823811833,676.3311798924,349.4660055222,SF,KN,UA3c,3,NA,NA,NA,940/676,29,2014-10-23,Fauna
940.4879154357,676.6784091217,349.4576644608,SF,KN,UA3c,3,NA,NA,NA,940/676,29,2014-10-23,Fauna
940.362,676.829,349.615,KN,KN,UA3c,2,80,NA,NA,940/676,32,2014-10-23,Fauna
940.858,676.017,349.389,KN,ZN,UA3c,4,30,NA,NA,940/676,33,2014-10-27,Fauna
940.7572284596,676.8576649041,349.4066553843,SF,KN,UA3c,4,NA,NA,NA,940/676,36,2014-10-30,Fauna
940.9714756721,676.691080998,349.3418128736,SF,KN,UA4,1,NA,NA,NA,940/676,45,2014-11-06,Fauna
940.176,676.95,349.511,MF,MF,UA3c,NA,24,3,NA,940/676,49,2015-05-12,Fauna
940.728,676.896,349.388,KN,KN,UA3c,NA,32,3,NA,940/676,51,2015-05-12,Fauna
940.5495547795,676.598240042,349.3531705845,SFPCN,KN,UA3c,NA,NA,NA,NA,940/676,52,2015-05-12,Fauna
940.59,676.357,349.256,MF,MF,UA4,2,23,NA,NA,940/676,54,2015-05-13,Fauna
940.8374194063,676.0311480322,349.2981446181,SF,MF,UA4,2,NA,NA,NA,940/676,56,2015-05-14,Fauna
940.6339438476,676.7416693449,349.2915645616,SF,KN,UA4,2,NA,NA,NA,940/676,56,2015-05-14,Fauna
940.137,677.279,349.582,KN,KN,UA3c,1,36,NA,NA,940/677,2,2016-03-22,Fauna
940.438,677.167,349.547,KN,KN,UA3c,1,39,NA,NA,940/677,3,2016-03-22,Fauna
940.393,677.154,349.485,KN,KN,UA3c,1,57,17,NA,940/677,4,2016-03-22,Fauna
940.0217928389,677.0640896398,349.5857163756,SF,KN,UA3c,1,NA,NA,NA,940/677,5,2016-03-22,Fauna
940.467,677.139,349.451,KN,KN,UA3c,2,50,18,4,940/677,7,2016-03-23,Fauna
940.8109669379,677.6325105193,349.400910787,SF,KN,UA3c,3,NA,NA,NA,940/677,10,2016-03-26,Fauna
940.499,678.79,349.51,KN,KN,UA3c,NA,70,20,20,940/678,1,2015-05-11,Fauna
940.518,678.812,349.527,KN,KN,UA3c,NA,NA,NA,NA,940/678,2,2015-05-11,Fauna
941.337,672.346,349.962,KN,KN,UA2b,1,45,NA,NA,941/672,4,2013-11-04,Fauna
941.1797993007,672.6117196458,349.5964636499,SF,KN,UA3b,2,NA,NA,NA,941/672,13,2014-10-14,Fauna
941.0769961653,672.145255468,349.5551030918,SF,KN,UA3c,2,NA,NA,NA,941/672,17,2014-10-17,Fauna
940.9730593482,672.8986610134,349.5640072098,SF,KN,UA3c,3,NA,NA,NA,941/672,20,2014-10-20,Fauna
941.7878861411,672.4948260099,349.5059134591,SF,KN,UA3c,4,NA,NA,NA,941/672,22,2014-10-21,Fauna
941.5293723908,673.0465344746,349.8511103786,SF,KN,UA2b+UA3a,2,NA,NA,NA,941/673,8,2013-11-08,Fauna
941.152,673.734,349.471,MF,MF,UA3c,1,8,NA,NA,941/673,13,2015-04-29,Fauna
941.0869950032,673.1135985079,349.5206086264,SF,KN,UA3c,1,NA,NA,NA,941/673,14,2015-04-29,Fauna
941.625,673.421,349.433,KN,KN,UA3c,2,36,NA,NA,941/673,16,2015-04-29,Fauna
941.445,673.349,349.452,MF,MF,UA3c,2,6,NA,NA,941/673,17,2015-04-29,Fauna
941.804,673.399,349.41,MF,MF,UA3c,2,9,NA,NA,941/673,18,2015-04-29,Fauna
941.349,673.353,349.408,ZN,ZN,UA3c,2,9,NA,NA,941/673,19,2015-04-29,Fauna
941.838,673.59,349.374,MF,MF,UA3c,2,10,NA,NA,941/673,20,2015-04-30,Fauna
941.541,673.598,349.389,KN,KN,UA3c,2,12,NA,NA,941/673,21,2015-04-30,Fauna
941.659,673.781,349.378,KN,KN,UA3c,2,42,NA,NA,941/673,22,2015-05-01,Fauna
941.8344167101,673.7329334456,349.3808239937,SF,KN,UA3c,2,NA,NA,NA,941/673,23,2015-05-01,Fauna
941.315,673.335,349.237,KN,KN,UA3c,3,95,NA,NA,941/673,25,2015-05-04,Fauna
941.4537058987,673.9533359069,349.3260182938,SF,KN,UA3c,3,NA,NA,NA,941/673,26,2015-05-05,Fauna
941.2800574318,673.6965568766,349.2526455954,SF,MF,UA4,1,NA,NA,NA,941/673,29,2015-05-11,Fauna
941.516,673.437,349.196,KN,KN,UA4,2,20,11,10,941/673,31,2015-05-12,Fauna
941.4120349194,673.9385742028,349.2616083958,SF,KN,UA4,2,NA,NA,NA,941/673,32,2015-05-12,Fauna
941.53,673.122,349.112,KN,KN,UA4,3,NA,NA,NA,941/673,35,2015-06-01,Fauna
941.582795967,673.7973694036,349.1333395705,SF,KN,UA4,3,NA,NA,NA,941/673,37,2015-06-01,Fauna
941.0524854916,674.5720960452,350.370005866,SF,KN,UA2a,1,NA,NA,NA,941/674,2,2013-10-29,Fauna
941.7227948436,674.8488919032,349.9647416949,SF,KN,UA2b,1,NA,NA,NA,941/674,5,2013-10-31,Fauna
941.4726442935,674.7321748564,349.5273069402,SF,MF,UA3c,1,NA,NA,NA,941/674,11,2014-10-16,Fauna
941.9498569095,674.5075510105,349.6099206322,SF,KN,UA3c,1,NA,NA,NA,941/674,11,2014-10-16,Fauna
941.6758306837,674.4830692886,349.4604864206,SF,KN,UA3c,2,NA,NA,NA,941/674,13,2014-10-17,Fauna
941.5490963488,674.5577536161,349.4352634368,SF,MF,UA3c,3,NA,NA,NA,941/674,15,2014-10-20,Fauna
941.5023182322,674.5857344662,349.4186997745,SF,KN,UA3c,3,NA,NA,NA,941/674,15,2014-10-20,Fauna
941.2256084677,674.6350340212,349.3881445516,SF,MF,UA3c,4,NA,NA,NA,941/674,20,2014-10-27,Fauna
940.8966985929,674.0938853631,349.2199995298,SF,KN,UA4,1,NA,NA,NA,941/674,37,2015-05-11,Fauna
941.9681261796,675.7332274989,349.9703427743,SF,KN,UA2b,1,NA,NA,NA,941/675,5,2013-10-31,Fauna
941.8938890142,675.4197610117,349.7685473279,SF,KN,UA2b+UA3a,2,NA,NA,NA,941/675,9,2013-11-08,Fauna
941.6253070096,675.6041275567,349.7842252816,SF,KN,UA2b+UA3a,2,NA,NA,NA,941/675,9,2013-11-08,Fauna
941.6546996486,675.4135703395,349.6159264049,SF,KN,UA2b+UA3a,3,NA,NA,NA,941/675,13,2013-11-09,Fauna
941.932,675.359,349.615,KN,KN,UA2b+UA3a,NA,45,NA,NA,941/675,15,2013-11-17,Fauna
941.75,675.353,349.588,KN,KN,UA2b+UA3a,4,45,NA,NA,941/675,16,2013-11-17,Fauna
941.617,675.81,349.477,KN,KN,UA2b+UA3a,4,100,NA,NA,941/675,17,2013-11-17,Fauna
941.164,675.61,349.607,ZN,ZN,UA3c,1,15,NA,NA,941/675,20,2014-10-09,Fauna
941.122,675.562,349.539,KN,,UA3c,2,30,NA,NA,941/675,23,2014-10-10,Fauna
941.0062043373,675.9639435315,349.6187761442,SF,KN,UA3c,2,NA,NA,NA,941/675,24,2014-10-10,Fauna
941.25392927,675.9309478014,349.5627997521,SF,KN,UA3c,2,NA,NA,NA,941/675,24,2014-10-10,Fauna
941.2684036252,675.5609373918,349.5401171359,SF,KN,UA3c,3,NA,NA,NA,941/675,26,2014-10-14,Fauna
941.8622464678,675.8000357249,349.5141551509,SF,KN,UA3c,3,NA,NA,NA,941/675,26,2014-10-14,Fauna
941.6532482909,675.3630239218,349.5343698234,SF,MF,UA3c,3,NA,NA,NA,941/675,26,2014-10-14,Fauna
941.119,675.304,349.471,MF,ZN,UA3c,1,NA,NA,NA,941/675,30,2014-10-14,Fauna
941.2350408065,675.1639575527,349.5029301232,SF,KN,UA3c,2,NA,NA,NA,941/675,34,2014-10-15,Fauna
941.625,675.848,349.441,KN,KN,UA4,NA,NA,NA,NA,941/675,44,2014-11-02,Fauna
941.1652675787,675.1199284974,349.3328991454,SF,KN,UA4,2,NA,NA,NA,941/675,56,2014-11-04,Fauna
941.336,675.923,349.28,KN,KN,UA4,1,81,NA,NA,941/675,62,2015-05-05,Fauna
941.6896081634,676.5342164396,349.8087455419,SF,KN,UA2b+UA3a,2,NA,NA,NA,941/676,5,2013-10-31,Fauna
941.2181918949,676.397801475,349.6200843673,SF,KN,UA2b+UA3a,4,NA,NA,NA,941/676,8,2013-11-09,Fauna
941.784,676.246,349.413,KN,KN,UA2b+UA3a,5,35,NA,NA,941/676,10,2013-11-17,Fauna
941.3234893034,676.2643835447,349.438433821,SF,KN,UA2b+UA3a,5,NA,NA,NA,941/676,11,2013-11-17,Fauna
941.29,676.999,349.576,MF,MF,UA3c,1,20,NA,NA,941/676,14,2014-10-13,Fauna
941.181,676.365,349.539,KN,KN,UA3c,2,90,NA,NA,941/676,18,2014-10-14,Fauna
941.9108557567,676.503668303,349.5371867462,SF,KN,UA3c,2,NA,NA,NA,941/676,19,2014-10-15,Fauna
940.9835257027,676.7905929087,349.4659526623,SF,MF,UA3c,4,NA,NA,NA,941/676,25,2014-10-16,Fauna
941.8778985467,677.135321383,349.4990681832,SFPCN,KN,UA3c,NA,NA,NA,NA,941/676,27,2014-10-23,Fauna
941.9633360764,676.7277030809,349.5186924156,SFPCN,KN,UA3c,NA,NA,NA,NA,941/676,27,2014-10-23,Fauna
941.018,676.787,349.382,KN,KN,UA3c,5,40,NA,NA,941/676,30,2015-04-28,Fauna
941.514,676.748,349.381,ZN,ZN,UA3c,5,5,NA,NA,941/676,31,2015-04-29,Fauna
941.873,676.638,349.401,MF,MF,UA3c,5,10,NA,NA,941/676,32,2015-04-29,Fauna
941.844,676.495,349.388,MF,MF,UA3c,5,NA,NA,NA,941/676,33,2015-04-29,Fauna
941.438,676.132,349.401,MF,MF,UA3c,5,3,NA,NA,941/676,34,2015-04-29,Fauna
941.8352352537,676.8055837378,349.4206983895,SF,KN,UA3c,5,NA,NA,NA,941/676,35,2015-04-29,Fauna
941.527,676.836,349.297,KN,KN,UA3c,6,65,NA,NA,941/676,38,2015-04-30,Fauna
940.9998946959,676.4146380735,349.3696321043,SF,KN,UA3c,6,NA,NA,NA,941/676,39,2015-04-30,Fauna
941.5,676.618,349.295,KN,KN,UA3c,7,43,NA,NA,941/676,41,2015-05-01,Fauna
941.754,676.234,349.289,KN,KN,UA3c,7,30,NA,NA,941/676,42,2015-05-01,Fauna
941.457,676.509,349.287,MF,MF,UA3c,7,NA,NA,NA,941/676,43,2015-05-01,Fauna
941.677380475,676.5739045631,349.3402154282,SF,KN,UA3c,7,NA,NA,NA,941/676,44,2015-05-01,Fauna
941.353,676.642,349.273,KN,KN,UA4,1,28,NA,NA,941/676,47,2015-05-04,Fauna
941.306,676.65,349.26,KN,KN,UA4,1,22,NA,NA,941/676,48,2015-05-04,Fauna
941.0570600385,676.1169592565,349.2911782982,SF,KN,UA4,1,NA,NA,NA,941/676,49,2015-05-05,Fauna
941.252,676.676,349.202,KN,KN,UA4,2,38,NA,NA,941/676,51,2015-05-05,Fauna
941.445,676.363,349.209,ZN,ZN,UA4,2,17,NA,NA,941/676,52,2015-05-06,Fauna
941.991,676.529,349.333,KN,KN,UA3c,2,80,22,10,941/676,54,2015-05-18,Fauna
941.592,677.472,349.786,MF,MF,UA3b,2,30,NA,NA,941/677,15,2014-10-08,Fauna
941.545,677.696,349.686,KN,KN,UA3c,2,35,NA,NA,941/677,24,2014-10-09,Fauna
941.546,677.695,349.686,MF,MF,UA3c,2,8,NA,NA,941/677,25,2014-10-09,Fauna
941.3615466316,677.2008543278,349.7323011343,SF,KN,UA3c,2,NA,NA,NA,941/677,26,2014-10-09,Fauna
941.8912729117,677.3579581623,349.6923699034,SF,KN,UA3c,2,NA,NA,NA,941/677,26,2014-10-09,Fauna
941.8504552249,677.8033987729,349.6903966723,SF,MF,UA3c,2,NA,NA,NA,941/677,26,2014-10-09,Fauna
941.1036392429,677.1969418494,349.7125327509,SF,KN,UA3c,2,NA,NA,NA,941/677,26,2014-10-09,Fauna
941.476,677.643,349.621,KN,KN,UA3c,3,50,NA,NA,941/677,29,2014-10-10,Fauna
941.7038691542,677.1048964,349.6763422983,SF,MF,UA3c,3,NA,NA,NA,941/677,32,2014-10-14,Fauna
941.3033689652,677.2573034986,349.6197172454,SF,KN,UA3c,3,NA,NA,NA,941/677,32,2014-10-14,Fauna
941.584612303,677.1706006356,349.6136095766,SF,KN,UA3c,3,NA,NA,NA,941/677,32,2014-10-14,Fauna
941.0379904713,677.7719890765,349.5772371915,SF,KN,UA3c,1,NA,NA,NA,941/677,38,2015-05-13,Fauna
941.118,677.942,349.511,KN,KN,UA3c,2,65,NA,NA,941/677,41,2015-05-14,Fauna
941.118,677.942,349.511,KN,ZN,UA3c,2,65,NA,NA,941/677,41,2015-05-14,Fauna
941.813304811,677.8882819001,349.4828468507,SF,KN,UA3c,2,NA,NA,NA,941/677,42,2015-05-14,Fauna
941.6383554474,677.0019054267,349.4420445968,SF,KN,UA3c,2,NA,NA,NA,941/677,42,2015-05-14,Fauna
941.7664344896,677.0620259719,349.4297330107,SF,KN,UA3c,3,NA,NA,NA,941/677,44,2015-05-15,Fauna
941.8407434837,677.8706268049,349.3035244775,SF,KN,UA3c,4,NA,NA,NA,941/677,48,2015-05-20,Fauna
941.5104467549,677.478910439,349.2752586066,SF,KN,UA3c,4,NA,NA,NA,941/677,48,2015-05-20,Fauna
941.1781266536,677.5651246829,349.3235932857,SF,KN,UA3c,4,NA,NA,NA,941/677,48,2015-05-20,Fauna
942.0475386387,677.9022896486,349.3322594776,SF,MF,UA3c,4,NA,NA,NA,941/677,48,2015-05-20,Fauna
941.647,677.866,349.165,ZN,ZN,UA4,1,25,5,NA,941/677,50,2015-05-22,Fauna
941.087,677.583,349.203,ZN,ZN,UA4,1,16,5,NA,941/677,51,2015-05-22,Fauna
941.0656189032,677.5781828835,349.2662404416,SF,MF,UA4,1,NA,NA,NA,941/677,52,2015-05-22,Fauna
941.6212685174,677.9762421431,349.1950448913,SF,KN,UA4,1,NA,NA,NA,941/677,52,2015-05-22,Fauna
941.8467604302,672.1968296656,349.6050267352,SF,KN,UA3b,1,NA,NA,NA,942/672,9,2014-10-09,Fauna
942.4466642009,672.0129953617,349.5577530765,SF,KN,UA2b+UA3a,6,NA,NA,NA,942/672,13,2014-10-09,Fauna
942.2785482139,672.3907967731,349.535396393,SF,KN,UA3c,2,NA,NA,NA,942/672,18,2014-10-22,Fauna
942.0150354952,672.9082484664,349.4577790417,SF,KN,UA3c,3,NA,NA,NA,942/672,20,2014-10-22,Fauna
942.2561333348,673.7323407869,349.3904239546,SF,KN,UA3c,3,NA,NA,NA,942/673,19,2014-10-27,Fauna
942.6215495144,673.5287797234,349.2764329479,SF,KN,UA3c,4,NA,NA,NA,942/673,22,2014-10-30,Fauna
941.9287724994,674.3010760862,349.2523585996,SF,KN,UA4,1,NA,NA,NA,942/673,25,2014-10-31,Fauna
942.264,673.805,349.091,KN,KN,UA4,3,NA,NA,NA,942/673,37,2015-06-03,Fauna
942.681,673.871,348.982,KN,KN,UA4,4,NA,NA,NA,942/673,42,2015-06-05,Fauna
941.924358442,674.1790908826,349.7906087182,SF,KN,UA2b+UA3a,2,NA,NA,NA,942/674,7,2013-11-09,Fauna
942.6682614619,674.2531079759,349.7291949706,SF,KN,UA2b+UA3a,4,NA,NA,NA,942/674,11,2014-10-07,Fauna
941.933268177,674.4166895228,349.5727055556,SF,KN,UA3c,3,NA,NA,NA,942/674,19,2014-10-08,Fauna
942.066,674.055,349.472,KN,KN,UA3c,1,80,NA,NA,942/674,21,2014-10-09,Fauna
942.075,674.559,349.357,MF,MF,UA3c,3,NA,NA,NA,942/674,27,2014-10-10,Fauna
942.691,674.159,349.338,MF,KN,UA3c,3,NA,NA,NA,942/674,28,2014-10-10,Fauna
942.624,674.403,349.293,MF,KN,UA3c,1,NA,NA,NA,942/674,31,2014-10-14,Fauna
942.3348935119,674.8702683936,349.3534800063,SF,MF,UA3c,1,NA,NA,NA,942/674,33,2014-10-14,Fauna
942.506,674.519,349.247,KN,KN,UA3c,2,25,NA,NA,942/674,35,2014-10-15,Fauna
942.6868974493,674.666960029,349.3067782942,SF,KN,UA3c,2,NA,NA,NA,942/674,37,2014-10-15,Fauna
942.1623469738,674.4181138378,349.1827760691,SF,KN,UA4,1,NA,NA,NA,942/674,47,2014-10-23,Fauna
942.6125439403,674.4543531149,349.1634070378,SF,KN,UA4,1,NA,NA,NA,942/674,47,2014-10-23,Fauna
942.7248086635,674.6526112442,349.1426197276,SF,KN,UA4,2,NA,NA,NA,942/674,53,2014-11-04,Fauna
941.9245198928,674.5936906682,349.0364208401,SF,KN,UA4,3,NA,NA,NA,942/674,57,2015-06-02,Fauna
942.7692838257,675.4882227373,349.8207058002,SF,KN,UA2b+UA3a,1,NA,NA,NA,942/675,8,2013-11-08,Fauna
942.5709463138,675.277487745,349.7084713784,SF,KN,UA2b+UA3a,2,NA,NA,NA,942/675,12,2013-11-09,Fauna
942.1432893786,676.0944713657,349.9512702373,SF,KN,UA2b,1,NA,NA,NA,942/676,4,2013-10-30,Fauna
942.768,676.724,349.642,KN,KN,UA2b+UA3a,2,60,NA,NA,942/676,10,2013-11-08,Fauna
942.3218101147,675.9936392028,349.3301332985,SF,KN,UA2b+UA3a,4,NA,NA,NA,942/676,14,2013-11-17,Fauna
942.6800881818,676.7142360199,349.324172463,SF,KN,UA2b+UA3a,4,NA,NA,NA,942/676,14,2013-11-17,Fauna
942.3994099521,677.1594817311,349.4750060609,SF,KN,UA3c,1,NA,NA,NA,942/676,23,2015-05-15,Fauna
943.0383335554,676.3604812769,349.3454168617,SF,KN,UA3c,2,NA,NA,NA,942/676,25,2015-05-18,Fauna
942.9901866826,677.1751817768,349.3358608632,SF,MF,UA3c,2,NA,NA,NA,942/676,25,2015-05-18,Fauna
942.998,676.567,349.311,MF,MF,UA3c,3,NA,NA,NA,942/676,29,2016-03-31,Fauna
942.0280362258,676.0916779373,349.1915979161,SF,KN,UA4,1,NA,NA,NA,942/676,32,2016-04-01,Fauna
942.336,677.378,350.417,KN,KN,UA2a,1,70,NA,NA,942/677,4,2014-10-02,Fauna
942.0965129779,677.6923913204,350.4790577777,SF,KN,UA2a,1,NA,NA,NA,942/677,5,2014-10-02,Fauna
942.7307730173,677.866457137,349.6169966568,SF,KN,UA3c,3,NA,NA,NA,942/677,37,2015-05-12,Fauna
942.5352574287,677.9546004494,349.4857017454,SF,KN,UA3c,1,NA,NA,NA,942/677,44,2015-05-14,Fauna
942.951,677.673,349.507,KN,KN,UA3c,1,27,18,16,942/677,46,2015-05-14,Fauna
942.7175420551,677.7992852839,349.4554226151,SF,KN,UA3c,2,NA,NA,NA,942/677,50,2016-03-23,Fauna
942.9854716008,677.8527261668,349.1970794265,SF,KN,UA3c,4,NA,NA,NA,942/677,57,2016-03-30,Fauna
942.3260268835,677.3080611528,349.1701010827,SF,KN,UA4,1,NA,NA,NA,942/677,60,2016-04-02,Fauna
942.856,679.386,349.477,KN,ZN,UA2b+UA3a,NA,45,NA,NA,942/679,1,2014-10-06,Fauna
942.865,679.437,349.708,KN,KN,UA2b+UA3a,NA,20,NA,NA,942/679,2,2014-10-06,Fauna
